sequence,precursor_mz,precursor_charge,retention_time,raw_file,scan_number,spectrum_id,label_precursor_mz,label_mass_error_ppm,spectrum_mass_error_ppm,split
SQGSSNPHNVVK,627.314526364207,2,2.71,MP_CT17052024_HP_12_12_2_120mins_DDA01,530,MP_CT17052024_HP_12_12_2_120mins_DDA01:530,627.31528,0.031084847809877435,1.2324531961310163,train
GGM[UNIMOD:35]TSHAAVVAR,586.796337887645,2,3.0005,MP_CT17052024_HP_12_12_2_120mins_DDA01,670,MP_CT17052024_HP_12_12_2_120mins_DDA01:670,586.79567,0.026414646205057513,-1.1117786579124003,train
SNQNTC[UNIMOD:4]INQR,617.784558102489,2,3.5547,MP_CT17052024_HP_12_12_2_120mins_DDA01,884,MP_CT17052024_HP_12_12_2_120mins_DDA01:884,617.78329,0.025089704403297344,-2.0275717035127085,train
GQAGQTNYSAAK,598.288952633739,2,3.597,MP_CT17052024_HP_12_12_2_120mins_DDA01,904,MP_CT17052024_HP_12_12_2_120mins_DDA01:904,598.28873,0.02925009155085874,-0.3428673351836232,train
NQGEAAVHSVNK,627.31513671577,2,3.6488,MP_CT17052024_HP_12_12_2_120mins_DDA01,928,MP_CT17052024_HP_12_12_2_120mins_DDA01:928,627.31528,0.03188189509668066,0.2602905946746045,train
HELASSAYNK,560.274548336864,2,4.6807,MP_CT17052024_HP_12_12_2_120mins_DDA01,1332,MP_CT17052024_HP_12_12_2_120mins_DDA01:1332,560.27509,0.039266425459218934,1.006048084347641,train
ATGSASWNQK,525.252392575145,2,6.3726,MP_CT17052024_HP_12_12_2_120mins_DDA01,1830,MP_CT17052024_HP_12_12_2_120mins_DDA01:1830,525.25416,0.029509523575614673,3.3944154851683046,train
GPGSGLGGTSTR,523.764904782176,2,7.3153,MP_CT17052024_HP_12_12_2_120mins_DDA01,2181,MP_CT17052024_HP_12_12_2_120mins_DDA01:2181,523.76489,0.025774923814473383,-0.002447998773688787,train
TDTFATNR,463.22153930366,2,7.365,MP_CT17052024_HP_12_12_2_120mins_DDA01,2202,MP_CT17052024_HP_12_12_2_120mins_DDA01:2202,463.22233,0.011873348130937114,1.7188240883349573,train
KGPNHGPAPIPEEGK,509.93540649116,3,8.9433,MP_CT17052024_HP_12_12_2_120mins_DDA01,2893,MP_CT17052024_HP_12_12_2_120mins_DDA01:2893,509.93532,0.02941549532001835,-0.14019650150918733,train
VGAAVGAGAGNEER,629.313549801707,2,8.968,MP_CT17052024_HP_12_12_2_120mins_DDA01,2906,MP_CT17052024_HP_12_12_2_120mins_DDA01:2906,629.31274,0.028602630972068367,-1.2581990444336466,train
TTALMTASQK,526.275830075145,2,9.5333,MP_CT17052024_HP_12_12_2_120mins_DDA01,3144,MP_CT17052024_HP_12_12_2_120mins_DDA01:3144,526.27625,0.007600571189727464,0.8055183819718068,train
LGGAEIAR,393.726971432567,2,9.8957,MP_CT17052024_HP_12_12_2_120mins_DDA01,3296,MP_CT17052024_HP_12_12_2_120mins_DDA01:3296,393.72705,0.050796611237814204,0.2503446298584531,train
VWHETSDAVGK,614.801037594676,2,11.303,MP_CT17052024_HP_12_12_2_120mins_DDA01,3858,MP_CT17052024_HP_12_12_2_120mins_DDA01:3858,614.80148,0.016265413167904648,0.7358564744949054,train
VWHETSDAVGK,410.203411862254,3,11.457,MP_CT17052024_HP_12_12_2_120mins_DDA01,3909,MP_CT17052024_HP_12_12_2_120mins_DDA01:3909,410.20341,0.02112772939841099,0.016587898820909847,train
STHGVNC[UNIMOD:4]TGSC[UNIMOD:4]SWK,527.556958004832,3,12.736,MP_CT17052024_HP_12_12_2_120mins_DDA01,4402,MP_CT17052024_HP_12_12_2_120mins_DDA01:4402,527.55753,0.010741324557266216,1.0949752929790242,train
TVQGESLNIK,544.800793454051,2,12.899,MP_CT17052024_HP_12_12_2_120mins_DDA01,4466,MP_CT17052024_HP_12_12_2_120mins_DDA01:4466,544.80095,0.015602028659059759,0.30294733587786393,train
AWHDTSDTIQK,434.542401120067,3,13.022,MP_CT17052024_HP_12_12_2_120mins_DDA01,4513,MP_CT17052024_HP_12_12_2_120mins_DDA01:4513,434.5422,0.019944361318153768,-0.44288750617468725,train
FQHPVAGTYK,574.297924801707,2,14.146,MP_CT17052024_HP_12_12_2_120mins_DDA01,4955,MP_CT17052024_HP_12_12_2_120mins_DDA01:4955,574.29837,0.02960133783901557,0.8048057864167265,train
FTNTSGFANK,543.764172360301,2,15.136,MP_CT17052024_HP_12_12_2_120mins_DDA01,5364,MP_CT17052024_HP_12_12_2_120mins_DDA01:5364,543.76436,0.02114886681394255,0.36622438392039364,train
AAQYTAAHPGEVC[UNIMOD:4]PAK,835.89765624702,2,15.754,MP_CT17052024_HP_12_12_2_120mins_DDA01,5615,MP_CT17052024_HP_12_12_2_120mins_DDA01:5615,835.9014,0.013159447034783464,4.491881215493893,train
APGSVGASSYPSR,617.814221188426,2,15.996,MP_CT17052024_HP_12_12_2_120mins_DDA01,5705,MP_CT17052024_HP_12_12_2_120mins_DDA01:5705,618.30438,0.03396385459968266,793.4097253882754,train
AAGASAQVLGQEGK,643.837841793895,2,16.51,MP_CT17052024_HP_12_12_2_120mins_DDA01,5922,MP_CT17052024_HP_12_12_2_120mins_DDA01:5922,643.83859,0.02951050228195127,1.1916138743886187,train
VEGNDQTISYK,626.811474606395,2,16.585,MP_CT17052024_HP_12_12_2_120mins_DDA01,5954,MP_CT17052024_HP_12_12_2_120mins_DDA01:5954,627.30405,0.01992654142591745,785.8629166200643,train
AAQYVASHPGEVC[UNIMOD:4]PAK,842.907849118114,2,17.245,MP_CT17052024_HP_12_12_2_120mins_DDA01,6235,MP_CT17052024_HP_12_12_2_120mins_DDA01:6235,842.90922,0.023727347605939926,1.650099577967728,train
TGANFLR,389.713970944285,2,17.294,MP_CT17052024_HP_12_12_2_120mins_DDA01,6255,MP_CT17052024_HP_12_12_2_120mins_DDA01:6255,389.71394,0.046187724140825885,-0.033214834534537524,train
VTVAHPDQVEVK,441.576123043895,3,18.038,MP_CT17052024_HP_12_12_2_120mins_DDA01,6522,MP_CT17052024_HP_12_12_2_120mins_DDA01:6522,441.24186,0.030973187235337304,-756.9462201085744,train
HYAHVDC[UNIMOD:4]PGHADYVK,442.951702877879,4,18.392,MP_CT17052024_HP_12_12_2_120mins_DDA01,6671,MP_CT17052024_HP_12_12_2_120mins_DDA01:6671,442.95196,0.02257581167853021,0.6030502181374263,train
HYAHVDC[UNIMOD:4]PGHADYVK,590.266430661082,3,18.486,MP_CT17052024_HP_12_12_2_120mins_DDA01,6708,MP_CT17052024_HP_12_12_2_120mins_DDA01:6708,590.26686,0.013553192014691084,0.7409178216602342,train
NYQNDGDSVYR,665.785534664989,2,19.058,MP_CT17052024_HP_12_12_2_120mins_DDA01,6937,MP_CT17052024_HP_12_12_2_120mins_DDA01:6937,665.78656,0.018774785759093655,1.5588127963512763,train
YTQSNSVC[UNIMOD:4]YVK,674.347790524364,2,19.712,MP_CT17052024_HP_12_12_2_120mins_DDA01,7211,MP_CT17052024_HP_12_12_2_120mins_DDA01:7211,674.81373,0.015559849595858558,690.9638945711071,train
AAQYVAAHPGEVC[UNIMOD:4]PAK,835.41328124702,2,19.863,MP_CT17052024_HP_12_12_2_120mins_DDA01,7277,MP_CT17052024_HP_12_12_2_120mins_DDA01:7277,834.91176,0.02754782154380513,-600.2995861776124,train
AGAANIVPNSTGAAK,671.35957030952,2,20.141,MP_CT17052024_HP_12_12_2_120mins_DDA01,7396,MP_CT17052024_HP_12_12_2_120mins_DDA01:7396,671.35969,0.02010844592525237,0.19838918802740563,train
DASSTAIYGAR,556.270947262645,2,20.337,MP_CT17052024_HP_12_12_2_120mins_DDA01,7478,MP_CT17052024_HP_12_12_2_120mins_DDA01:7478,556.27255,0.02786403918618044,2.9090812006689877,train
VIGSGTSLDSAR,581.806713864207,2,21.42,MP_CT17052024_HP_12_12_2_120mins_DDA01,7941,MP_CT17052024_HP_12_12_2_120mins_DDA01:7941,581.80676,0.02062540485040585,0.09992286372405569,train
AASGNIIPSSTGAAK,672.858776852489,2,21.491,MP_CT17052024_HP_12_12_2_120mins_DDA01,7971,MP_CT17052024_HP_12_12_2_120mins_DDA01:7971,672.85952,0.023779109305447178,1.1282419687336278,train
DGQAIGIGAGQQSR,679.347302243114,2,21.659,MP_CT17052024_HP_12_12_2_120mins_DDA01,8039,MP_CT17052024_HP_12_12_2_120mins_DDA01:8039,679.34457,0.029440141365785155,-3.992424942093836,train
VQFSVTQGQK,561.300915524364,2,22.572,MP_CT17052024_HP_12_12_2_120mins_DDA01,8417,MP_CT17052024_HP_12_12_2_120mins_DDA01:8417,561.30111,0.029395986993276675,0.37586903978855374,train
DASATAIYGSR,556.272961422801,2,22.768,MP_CT17052024_HP_12_12_2_120mins_DDA01,8494,MP_CT17052024_HP_12_12_2_120mins_DDA01:8494,556.27255,0.027864038981807893,-0.7117419476286527,train
AGENC[UNIMOD:4]GVLLR,544.779125973582,2,22.855,MP_CT17052024_HP_12_12_2_120mins_DDA01,8527,MP_CT17052024_HP_12_12_2_120mins_DDA01:8527,544.77949,0.033040891587605856,0.7012501026997231,train
LQGQYTSGPC[UNIMOD:4]SVSQK,820.891857907176,2,23.108,MP_CT17052024_HP_12_12_2_120mins_DDA01,8633,MP_CT17052024_HP_12_12_2_120mins_DDA01:8633,820.39086,0.01889343360685827,-610.2903839892235,train
MVAPC[UNIMOD:4]DGTIGK,574.774731442332,2,23.159,MP_CT17052024_HP_12_12_2_120mins_DDA01,8654,MP_CT17052024_HP_12_12_2_120mins_DDA01:8654,574.77556,0.02261752410082466,1.4641521661364816,train
MQASTGQLAQTHTLK,538.293041989207,3,23.252,MP_CT17052024_HP_12_12_2_120mins_DDA01,8697,MP_CT17052024_HP_12_12_2_120mins_DDA01:8697,538.94712,0.012369797337139405,1215.1089210489274,train
DASATAVYGVK,541.263134762645,2,23.287,MP_CT17052024_HP_12_12_2_120mins_DDA01,8711,MP_CT17052024_HP_12_12_2_120mins_DDA01:8711,541.27985,0.017550995169796593,30.899457733034478,train
GEAEQFYAVHK,640.312023922801,2,24.803,MP_CT17052024_HP_12_12_2_120mins_DDA01,9336,MP_CT17052024_HP_12_12_2_120mins_DDA01:9336,639.8093,0.03125931439757392,-785.0921176228848,train
YASMYGPTTGDK,645.784069821239,2,25.217,MP_CT17052024_HP_12_12_2_120mins_DDA01,9487,MP_CT17052024_HP_12_12_2_120mins_DDA01:9487,645.78718,0.011613733415387057,4.827741821003652,train
PATLLVQTASK,564.833386227489,2,25.236,MP_CT17052024_HP_12_12_2_120mins_DDA01,9495,MP_CT17052024_HP_12_12_2_120mins_DDA01:9495,564.83479,0.01327821919679306,2.498564259104958,train
DAASSAIYGAR,541.264111325145,2,25.797,MP_CT17052024_HP_12_12_2_120mins_DDA01,9724,MP_CT17052024_HP_12_12_2_120mins_DDA01:9724,541.26727,0.032331531911508636,5.868068450529023,train
YTGAITTAGGTIHR,710.374401852489,2,25.999,MP_CT17052024_HP_12_12_2_120mins_DDA01,9811,MP_CT17052024_HP_12_12_2_120mins_DDA01:9811,709.87296,0.008452216715704024,-705.8754526925701,train
IGSDAYNQGLSEK,691.833996579051,2,27.036,MP_CT17052024_HP_12_12_2_120mins_DDA01,10259,MP_CT17052024_HP_12_12_2_120mins_DDA01:10259,691.33334,0.022420443561128583,-723.643361740551,train
DAASNALYGAR,554.771618649364,2,27.507,MP_CT17052024_HP_12_12_2_120mins_DDA01,10444,MP_CT17052024_HP_12_12_2_120mins_DDA01:10444,554.77272,0.030643179554261362,2.0158757199410076,train
MTTVGSQDTTGPMTR,791.861767575145,2,28.195,MP_CT17052024_HP_12_12_2_120mins_DDA01,10742,MP_CT17052024_HP_12_12_2_120mins_DDA01:10742,791.86362,-0.0012628437172997576,2.338065721553685,train
GAAQNIIPSSTGAAK,692.382702633739,2,28.445,MP_CT17052024_HP_12_12_2_120mins_DDA01,10852,MP_CT17052024_HP_12_12_2_120mins_DDA01:10852,693.3728,0.015864481520226452,1430.0015908755845,train
SPVILQVSK,485.799908444285,2,29.117,MP_CT17052024_HP_12_12_2_120mins_DDA01,11132,MP_CT17052024_HP_12_12_2_120mins_DDA01:11132,485.80022,0.029847660347685757,0.6711728621708548,train
GMGESNPVTGNTC[UNIMOD:4]DNVK,890.384655758739,2,29.692,MP_CT17052024_HP_12_12_2_120mins_DDA01,11378,MP_CT17052024_HP_12_12_2_120mins_DDA01:11378,890.38545,0.010107982115667838,0.9021283734267579,train
IQNVEGVEVAR,607.329846188426,2,29.815,MP_CT17052024_HP_12_12_2_120mins_DDA01,11429,MP_CT17052024_HP_12_12_2_120mins_DDA01:11429,607.3304,0.031284454171430325,0.9431638798868522,train
RPFTAIMGGSK,582.287121579051,2,29.907,MP_CT17052024_HP_12_12_2_120mins_DDA01,11468,MP_CT17052024_HP_12_12_2_120mins_DDA01:11468,582.81333,0.028310951859786326,903.720692846582,train
VVNALGQPIDGK,605.843518063426,2,29.927,MP_CT17052024_HP_12_12_2_120mins_DDA01,11477,MP_CT17052024_HP_12_12_2_120mins_DDA01:11477,605.84314,0.037138326124685046,-0.5868898739597107,train
IGSDAYNQGLSER,705.33320312202,2,30.516,MP_CT17052024_HP_12_12_2_120mins_DDA01,11724,MP_CT17052024_HP_12_12_2_120mins_DDA01:11724,705.33641,0.027646382413886006,4.574260740662701,train
DAASAAIYGAR,533.269482418895,2,31.086,MP_CT17052024_HP_12_12_2_120mins_DDA01,11968,MP_CT17052024_HP_12_12_2_120mins_DDA01:11968,533.26981,0.03844207891456059,0.6527302172843619,train
YAGTELEVEGTK,648.265454098582,2,31.334,MP_CT17052024_HP_12_12_2_120mins_DDA01,12073,MP_CT17052024_HP_12_12_2_120mins_DDA01:12073,648.81953,0.017724497331035503,854.7230118693217,train
SFDSIDNAPEEK,676.300793454051,2,31.529,MP_CT17052024_HP_12_12_2_120mins_DDA01,12157,MP_CT17052024_HP_12_12_2_120mins_DDA01:12157,676.30425,0.01922211780744858,5.130181692164021,train
GGAANPSPPVGPALGSK,738.893139645457,2,31.542,MP_CT17052024_HP_12_12_2_120mins_DDA01,12162,MP_CT17052024_HP_12_12_2_120mins_DDA01:12162,738.8939,0.020300614304456264,1.0493459763857398,train
GNAAIAEEFGK,553.775646969676,2,31.818,MP_CT17052024_HP_12_12_2_120mins_DDA01,12278,MP_CT17052024_HP_12_12_2_120mins_DDA01:12278,553.77747,0.03250403123465468,3.3245057528845563,train
EYNLALGQK,518.276440426707,2,32.407,MP_CT17052024_HP_12_12_2_120mins_DDA01,12527,MP_CT17052024_HP_12_12_2_120mins_DDA01:12527,518.27711,0.027012576492795978,1.3189356870407993,train
HQVVNDLPLGR,624.348217770457,2,32.579,MP_CT17052024_HP_12_12_2_120mins_DDA01,12602,MP_CT17052024_HP_12_12_2_120mins_DDA01:12602,624.34639,0.021622612445567586,-2.905863115064556,train
QLEEAGATVEVK,637.336376950145,2,32.655,MP_CT17052024_HP_12_12_2_120mins_DDA01,12634,MP_CT17052024_HP_12_12_2_120mins_DDA01:12634,637.33535,0.020397425302945825,-1.5909183619866964,train
VYTVEGTSATAVGR,705.865612789989,2,33.522,MP_CT17052024_HP_12_12_2_120mins_DDA01,13006,MP_CT17052024_HP_12_12_2_120mins_DDA01:13006,705.86481,0.0007083510163667745,-1.1366044390684542,train
AAVPSGASTGEHEAVELR,594.298657223582,3,33.647,MP_CT17052024_HP_12_12_2_120mins_DDA01,13061,MP_CT17052024_HP_12_12_2_120mins_DDA01:13061,594.29899,0.01458300771884582,0.5745311394722697,train
LMSVIQGATSK,568.783947750926,2,33.678,MP_CT17052024_HP_12_12_2_120mins_DDA01,13075,MP_CT17052024_HP_12_12_2_120mins_DDA01:13075,567.813,0.021133718466096674,-1707.0378915670892,train
ANPSPPVGPALGQR,680.87031249702,2,33.695,MP_CT17052024_HP_12_12_2_120mins_DDA01,13082,MP_CT17052024_HP_12_12_2_120mins_DDA01:13082,680.87023,0.019093212638868044,-0.10207086231606934,train
AAQFTAANPGQVC[UNIMOD:4]PAK,816.403881832957,2,33.937,MP_CT17052024_HP_12_12_2_120mins_DDA01,13187,MP_CT17052024_HP_12_12_2_120mins_DDA01:13187,815.90394,0.01654606562685067,-612.3541841011962,train
AMIALDGTPNK,565.796704098582,2,34.044,MP_CT17052024_HP_12_12_2_120mins_DDA01,13234,MP_CT17052024_HP_12_12_2_120mins_DDA01:13234,565.79735,0.021209007022925986,1.1627876465430609,train
VSFTIESGAK,519.776684567332,2,34.305,MP_CT17052024_HP_12_12_2_120mins_DDA01,13348,MP_CT17052024_HP_12_12_2_120mins_DDA01:13348,519.77694,0.02308682659794363,0.5145145520203233,train
IGGSAMDAIAR,531.273876950145,2,34.515,MP_CT17052024_HP_12_12_2_120mins_DDA01,13438,MP_CT17052024_HP_12_12_2_120mins_DDA01:13438,531.27404,0.03482195367598878,0.34172554478081985,train
YESQGATLSGIAR,676.843151852489,2,35.172,MP_CT17052024_HP_12_12_2_120mins_DDA01,13706,MP_CT17052024_HP_12_12_2_120mins_DDA01:13706,676.84387,0.024377852480491433,1.0854028870205292,train
TGMGQYNC[UNIMOD:4]GGYANAEADK,954.388134762645,2,35.688,MP_CT17052024_HP_12_12_2_120mins_DDA01,13927,MP_CT17052024_HP_12_12_2_120mins_DDA01:13927,953.88836,0.012055918306305308,-523.6478162724748,train
TLSIIKPDAVAK,419.258679196239,3,35.806,MP_CT17052024_HP_12_12_2_120mins_DDA01,13977,MP_CT17052024_HP_12_12_2_120mins_DDA01:13977,419.25886,0.010335698862494445,0.4415820197968662,train
TLSIIKPDAVAK,628.384411618114,2,35.883,MP_CT17052024_HP_12_12_2_120mins_DDA01,14009,MP_CT17052024_HP_12_12_2_120mins_DDA01:14009,628.38465,0.013526746951997985,0.39288353049036706,train
IGAEYGFGEQQK,663.818310543895,2,35.979,MP_CT17052024_HP_12_12_2_120mins_DDA01,14049,MP_CT17052024_HP_12_12_2_120mins_DDA01:14049,663.81987,0.022596491538910215,2.3718178304359228,train
LLANPDYDMHPR,481.235424801707,3,36.114,MP_CT17052024_HP_12_12_2_120mins_DDA01,14108,MP_CT17052024_HP_12_12_2_120mins_DDA01:14108,481.2346,0.033247816974840264,-1.6806778250243872,train
VVGAQEGSSAVDAIK,715.878430172801,2,36.326,MP_CT17052024_HP_12_12_2_120mins_DDA01,14198,MP_CT17052024_HP_12_12_2_120mins_DDA01:14198,715.87791,0.02863616786986191,-0.6979855516102951,train
ALESGEFVTGTTSGK,742.365063473582,2,36.36,MP_CT17052024_HP_12_12_2_120mins_DDA01,14213,MP_CT17052024_HP_12_12_2_120mins_DDA01:14213,742.36738,0.0033676047792464804,3.12383560599031,train
ELEAAGASVEIK,608.823986813426,2,36.393,MP_CT17052024_HP_12_12_2_120mins_DDA01,14227,MP_CT17052024_HP_12_12_2_120mins_DDA01:14227,608.82462,0.02463763715044158,1.0646534763394462,train
M[UNIMOD:35]DELGFGNC[UNIMOD:4]TNTR,765.817822262645,2,36.43,MP_CT17052024_HP_12_12_2_120mins_DDA01,14244,MP_CT17052024_HP_12_12_2_120mins_DDA01:14244,765.81921,0.018281077024241005,1.8303796467235989,train
DYASIDAAPEER,668.803356930614,2,36.849,MP_CT17052024_HP_12_12_2_120mins_DDA01,14426,MP_CT17052024_HP_12_12_2_120mins_DDA01:14426,668.80441,0.03139931457788524,1.6059569302688848,train
GPLTTPVGGGIR,562.823803707957,2,36.867,MP_CT17052024_HP_12_12_2_120mins_DDA01,14434,MP_CT17052024_HP_12_12_2_120mins_DDA01:14434,562.82476,0.007995384139050403,1.7070920539576557,train
VGIGPGSIC[UNIMOD:4]TTR,609.318127438426,2,37.084,MP_CT17052024_HP_12_12_2_120mins_DDA01,14526,MP_CT17052024_HP_12_12_2_120mins_DDA01:14526,609.31898,0.014770588782519169,1.4139765998849991,train
SGAMAGTVLNDANNQAK,831.395947262645,2,37.454,MP_CT17052024_HP_12_12_2_120mins_DDA01,14685,MP_CT17052024_HP_12_12_2_120mins_DDA01:14685,831.39922,0.013230707592229482,3.9496672623948084,train
SGTTTETALAFR,627.820324704051,2,37.584,MP_CT17052024_HP_12_12_2_120mins_DDA01,14741,MP_CT17052024_HP_12_12_2_120mins_DDA01:14741,627.81987,-0.004778440657549956,-0.7290366892609992,train
VLSMYQDPEQR,683.324291989207,2,37.661,MP_CT17052024_HP_12_12_2_120mins_DDA01,14775,MP_CT17052024_HP_12_12_2_120mins_DDA01:14775,683.327,0.028536849864867993,3.991532022117084,train
ILFYTGVNHK,397.888562008739,3,37.782,MP_CT17052024_HP_12_12_2_120mins_DDA01,14828,MP_CT17052024_HP_12_12_2_120mins_DDA01:14828,397.88887,0.0326724394779416,0.8067365883255154,train
AGENVGALLR,500.282299801707,2,38.366,MP_CT17052024_HP_12_12_2_120mins_DDA01,15083,MP_CT17052024_HP_12_12_2_120mins_DDA01:15083,500.28272,0.04097683018499882,0.8808992307672895,train
VLVLNC[UNIMOD:4]GSSSIK,638.849560543895,2,38.563,MP_CT17052024_HP_12_12_2_120mins_DDA01,15165,MP_CT17052024_HP_12_12_2_120mins_DDA01:15165,638.85011,0.03052359202270074,0.8905948132987057,train
TTC[UNIMOD:4]TGVEMFR,601.269909664989,2,38.582,MP_CT17052024_HP_12_12_2_120mins_DDA01,15173,MP_CT17052024_HP_12_12_2_120mins_DDA01:15173,601.27064,0.00997886758371953,1.2246330628683488,train
AHQLSLGYVHNLSK,522.951245114207,3,38.595,MP_CT17052024_HP_12_12_2_120mins_DDA01,15179,MP_CT17052024_HP_12_12_2_120mins_DDA01:15179,522.95108,0.031233004444282758,-0.2845023794806951,train
EGVDVSITGNSTNPTR,823.900158688426,2,38.764,MP_CT17052024_HP_12_12_2_120mins_DDA01,15252,MP_CT17052024_HP_12_12_2_120mins_DDA01:15252,823.90265,0.0018206035058344367,3.025623369217216,train
ANEAYLQGQLGNPK,751.880505368114,2,39.067,MP_CT17052024_HP_12_12_2_120mins_DDA01,15381,MP_CT17052024_HP_12_12_2_120mins_DDA01:15381,751.88353,0.023274881584847328,4.046031070608847,train
VPAGSVVVSGNLPSK,705.899914547801,2,39.382,MP_CT17052024_HP_12_12_2_120mins_DDA01,15516,MP_CT17052024_HP_12_12_2_120mins_DDA01:15516,705.90119,0.025499319626081388,1.8323450285744978,train
ANPSPPIGPALGQR,688.380017086864,2,39.444,MP_CT17052024_HP_12_12_2_120mins_DDA01,15543,MP_CT17052024_HP_12_12_2_120mins_DDA01:15543,687.87805,0.026167428884457597,-729.174401354897,train
VTVPHEDFLAK,419.228009030223,3,40.043,MP_CT17052024_HP_12_12_2_120mins_DDA01,15793,MP_CT17052024_HP_12_12_2_120mins_DDA01:15793,419.22756,0.01033647040177726,-1.0607518586053601,train
TC[UNIMOD:4]EETQPIC[UNIMOD:4]FENAK,864.375378414989,2,40.375,MP_CT17052024_HP_12_12_2_120mins_DDA01,15935,MP_CT17052024_HP_12_12_2_120mins_DDA01:15935,863.87419,0.007524243825866006,-579.8197490399994,train
VVDALGNPIDGK,599.326672360301,2,40.524,MP_CT17052024_HP_12_12_2_120mins_DDA01,15999,MP_CT17052024_HP_12_12_2_120mins_DDA01:15999,599.32733,0.02502805950100003,1.122325653169826,train
DLVEAAPTNLK,585.822338864207,2,40.647,MP_CT17052024_HP_12_12_2_120mins_DDA01,16051,MP_CT17052024_HP_12_12_2_120mins_DDA01:16051,585.82188,0.018777038655358024,-0.7645051703869022,train
NVIGQIYAR,517.292919918895,2,40.811,MP_CT17052024_HP_12_12_2_120mins_DDA01,16122,MP_CT17052024_HP_12_12_2_120mins_DDA01:16122,517.29309,0.03576309130697147,0.3645538103461374,train
VDQLSNDVNAMR,681.327526852489,2,41.167,MP_CT17052024_HP_12_12_2_120mins_DDA01,16274,MP_CT17052024_HP_12_12_2_120mins_DDA01:16274,681.32753,0.0293544573921809,0.03397413151385784,train
NIGIMAHIDAGK,620.831066891551,2,42.066,MP_CT17052024_HP_12_12_2_120mins_DDA01,16655,MP_CT17052024_HP_12_12_2_120mins_DDA01:16655,620.32935,0.024180703485681403,-808.113379478486,train
TLEEAGAEVELK,645.335522457957,2,42.098,MP_CT17052024_HP_12_12_2_120mins_DDA01,16669,MP_CT17052024_HP_12_12_2_120mins_DDA01:16669,644.83518,0.02403715010975313,-775.2974081627156,train
VGLFGGAGVGK,481.276806637645,2,42.645,MP_CT17052024_HP_12_12_2_120mins_DDA01,16902,MP_CT17052024_HP_12_12_2_120mins_DDA01:16902,481.27691,0.03636160304431964,0.25112856734512523,train
GMVPSGASTGEHEAVELR,609.962536618114,3,42.934,MP_CT17052024_HP_12_12_2_120mins_DDA01,17023,MP_CT17052024_HP_12_12_2_120mins_DDA01:17023,609.62823,0.014763096011751329,-548.062541623189,train
LGQDNAALAEQVK,678.858532711864,2,43.208,MP_CT17052024_HP_12_12_2_120mins_DDA01,17141,MP_CT17052024_HP_12_12_2_120mins_DDA01:17141,678.85952,0.030934235369276065,1.4852698870101344,train
TFIEASSDNAITGK,727.361950680614,2,43.445,MP_CT17052024_HP_12_12_2_120mins_DDA01,17242,MP_CT17052024_HP_12_12_2_120mins_DDA01:17242,727.3621,0.005499324031612498,0.21078829572425883,train
IIGMGGALDSSR,588.805126950145,2,43.894,MP_CT17052024_HP_12_12_2_120mins_DDA01,17431,MP_CT17052024_HP_12_12_2_120mins_DDA01:17431,588.80571,0.02122941373188102,1.0114549411132499,train
LAGELLDAADNK,615.803173825145,2,44.026,MP_CT17052024_HP_12_12_2_120mins_DDA01,17487,MP_CT17052024_HP_12_12_2_120mins_DDA01:17487,615.32224,0.031690712367714015,-780.9546062545343,train
VDQLAQDVSAVR,650.846691891551,2,44.079,MP_CT17052024_HP_12_12_2_120mins_DDA01,17509,MP_CT17052024_HP_12_12_2_120mins_DDA01:17509,650.84642,0.020742220778361253,-0.3970083187546552,train
VQFNNAIGPYK,625.830212399364,2,45.379,MP_CT17052024_HP_12_12_2_120mins_DDA01,18060,MP_CT17052024_HP_12_12_2_120mins_DDA01:18060,625.83004,0.023968168859097076,-0.2515048981729685,train
ALATLAEVTGK,537.314892575145,2,45.449,MP_CT17052024_HP_12_12_2_120mins_DDA01,18090,MP_CT17052024_HP_12_12_2_120mins_DDA01:18090,537.31369,0.014888882148481304,-2.223231035178311,train
FGDAGSFDYGR,597.287976071239,2,45.649,MP_CT17052024_HP_12_12_2_120mins_DDA01,18177,MP_CT17052024_HP_12_12_2_120mins_DDA01:18177,596.2569,0.03354258907004435,-1726.2294111807928,train
ALIEAELEQQK,636.343823239207,2,45.861,MP_CT17052024_HP_12_12_2_120mins_DDA01,18265,MP_CT17052024_HP_12_12_2_120mins_DDA01:18265,636.34572,0.023572092345989972,3.004289070226788,train
VGYTGGDIPNATYR,742.36152343452,2,45.967,MP_CT17052024_HP_12_12_2_120mins_DDA01,18310,MP_CT17052024_HP_12_12_2_120mins_DDA01:18310,742.36243,0.012796983857141349,1.233988361650449,train
WQYQSAQGNTGTAAQIAR,976.473706051707,2,46.035,MP_CT17052024_HP_12_12_2_120mins_DDA01,18339,MP_CT17052024_HP_12_12_2_120mins_DDA01:18339,975.97447,0.010246169514111971,-511.25396271627545,train
LATLGLGLENR,578.838269039989,2,46.458,MP_CT17052024_HP_12_12_2_120mins_DDA01,18518,MP_CT17052024_HP_12_12_2_120mins_DDA01:18518,578.83786,0.026777792543487944,-0.6798790092368265,train
QLVGQVAADIR,585.333630368114,2,46.601,MP_CT17052024_HP_12_12_2_120mins_DDA01,18580,MP_CT17052024_HP_12_12_2_120mins_DDA01:18580,585.33549,0.02562632920503187,3.2026724397511135,train
VGGATYQVPVEVR,687.872204586864,2,46.698,MP_CT17052024_HP_12_12_2_120mins_DDA01,18621,MP_CT17052024_HP_12_12_2_120mins_DDA01:18621,687.87243,0.02544076379490913,0.3531370135743771,train
ALTPEQILSAHK,436.582440182567,3,46.799,MP_CT17052024_HP_12_12_2_120mins_DDA01,18665,MP_CT17052024_HP_12_12_2_120mins_DDA01:18665,436.58211,0.019851172199395518,-0.7364380028762946,train
GHGGLSVFAGVGER,448.232830807567,3,46.947,MP_CT17052024_HP_12_12_2_120mins_DDA01,18728,MP_CT17052024_HP_12_12_2_120mins_DDA01:18728,448.23359,0.031233714593983948,1.7249794747008012,train
AQLISC[UNIMOD:4]LAPDR,622.326733395457,2,47.166,MP_CT17052024_HP_12_12_2_120mins_DDA01,18820,MP_CT17052024_HP_12_12_2_120mins_DDA01:18820,622.3268,0.036154637724160964,0.14317968074723947,train
VQFNSAIGPYK,612.796948239207,2,47.17,MP_CT17052024_HP_12_12_2_120mins_DDA01,18822,MP_CT17052024_HP_12_12_2_120mins_DDA01:18822,612.32459,0.025313372185630106,-770.7981258132363,train
GTPEYNIALGER,660.331066891551,2,47.302,MP_CT17052024_HP_12_12_2_120mins_DDA01,18875,MP_CT17052024_HP_12_12_2_120mins_DDA01:18875,660.33314,0.02195861339614316,3.161457265521324,train
NTGGFDIIGSGR,597.298229977489,2,47.708,MP_CT17052024_HP_12_12_2_120mins_DDA01,19046,MP_CT17052024_HP_12_12_2_120mins_DDA01:19046,597.2991,0.024275945056540814,1.480872479980091,train
VLILPAPAEEK,590.35371093452,2,47.759,MP_CT17052024_HP_12_12_2_120mins_DDA01,19068,MP_CT17052024_HP_12_12_2_120mins_DDA01:19068,590.35281,0.03641890027803539,-1.4896739083929929,train
FDGNAAVLLNNK,638.338452145457,2,48.269,MP_CT17052024_HP_12_12_2_120mins_DDA01,19285,MP_CT17052024_HP_12_12_2_120mins_DDA01:19285,638.33823,0.021148663047246965,-0.3268571026067824,train
TTVTGVEMFR,570.789074704051,2,48.46,MP_CT17052024_HP_12_12_2_120mins_DDA01,19368,MP_CT17052024_HP_12_12_2_120mins_DDA01:19368,570.78952,0.014891653994248143,0.7950326472025523,train
IIQQLEQEQLR,699.391857907176,2,48.462,MP_CT17052024_HP_12_12_2_120mins_DDA01,19369,MP_CT17052024_HP_12_12_2_120mins_DDA01:19369,699.39099,0.026451584862170224,-1.214493943992575,train
SFTIDVSNC[UNIMOD:4]QAADGTK,857.389599606395,2,48.64,MP_CT17052024_HP_12_12_2_120mins_DDA01,19444,MP_CT17052024_HP_12_12_2_120mins_DDA01:19444,857.39106,0.008747466907598617,1.712049697875454,train
STGSYSLVTQQPLGGK,811.925610348582,2,48.642,MP_CT17052024_HP_12_12_2_120mins_DDA01,19445,MP_CT17052024_HP_12_12_2_120mins_DDA01:19445,811.92285,0.013548085230299491,-3.3862074886987696,train
FVVGGPQGDC[UNIMOD:4]GLTGR,761.374096676707,2,48.653,MP_CT17052024_HP_12_12_2_120mins_DDA01,19450,MP_CT17052024_HP_12_12_2_120mins_DDA01:19450,760.36973,0.021699969436576712,-1319.1283773521911,train
LYDGSYHDVDSSETAFK,645.620190426707,3,48.717,MP_CT17052024_HP_12_12_2_120mins_DDA01,19477,MP_CT17052024_HP_12_12_2_120mins_DDA01:19477,645.28653,0.00878162896060047,-516.797282655719,train
SGAMAGTVLNDAANQAK,810.396923825145,2,48.766,MP_CT17052024_HP_12_12_2_120mins_DDA01,19498,MP_CT17052024_HP_12_12_2_120mins_DDA01:19498,809.89631,0.01790352632492868,-617.72115666758,train
SALEVSETTFGR,648.823803707957,2,49.256,MP_CT17052024_HP_12_12_2_120mins_DDA01,19708,MP_CT17052024_HP_12_12_2_120mins_DDA01:19708,648.82515,0.01155935468578513,2.0865326383966933,train
EIMQVALAQAK,601.334729000926,2,49.709,MP_CT17052024_HP_12_12_2_120mins_DDA01,19901,MP_CT17052024_HP_12_12_2_120mins_DDA01:19901,601.3341,0.027438989432305473,-1.0185690205940334,train
IGLFGGAGVGK,488.284497067332,2,49.888,MP_CT17052024_HP_12_12_2_120mins_DDA01,19977,MP_CT17052024_HP_12_12_2_120mins_DDA01:19977,488.28473,0.046079671471997416,0.5231226252694245,train
VGFEGGQMPLQR,659.830578610301,2,50.018,MP_CT17052024_HP_12_12_2_120mins_DDA01,20032,MP_CT17052024_HP_12_12_2_120mins_DDA01:20032,659.83225,0.03409957606654779,2.567158531201173,train
SVAAGMNPMDLK,617.301525875926,2,50.114,MP_CT17052024_HP_12_12_2_120mins_DDA01,20072,MP_CT17052024_HP_12_12_2_120mins_DDA01:20072,617.30194,0.029969126816323063,0.7008310459579944,train
ITTVQNAIDYANTHQK,606.645886227489,3,50.3,MP_CT17052024_HP_12_12_2_120mins_DDA01,20150,MP_CT17052024_HP_12_12_2_120mins_DDA01:20150,606.31112,0.002748863943226995,-551.828617686697,train
ESFEAYGAVDSVK,701.014599606395,2,50.543,MP_CT17052024_HP_12_12_2_120mins_DDA01,20254,MP_CT17052024_HP_12_12_2_120mins_DDA01:20254,701.33026,0.030656028202654218,450.3214252348474,train
SLEEAGAVVELK,622.839978024364,2,50.646,MP_CT17052024_HP_12_12_2_120mins_DDA01,20298,MP_CT17052024_HP_12_12_2_120mins_DDA01:20298,622.84027,0.02408322114774088,0.4928643742420156,train
LTLMSESLR,525.286755368114,2,50.913,MP_CT17052024_HP_12_12_2_120mins_DDA01,20411,MP_CT17052024_HP_12_12_2_120mins_DDA01:20411,525.28662,0.018085364798640906,-0.2396179088257609,train
SAVSAANNAFESVQK,761.876843258739,2,50.987,MP_CT17052024_HP_12_12_2_120mins_DDA01,20443,MP_CT17052024_HP_12_12_2_120mins_DDA01:20443,761.87844,0.027563452327994654,2.123363211990676,train
AVAALVEQLK,521.320202633739,2,51.064,MP_CT17052024_HP_12_12_2_120mins_DDA01,20476,MP_CT17052024_HP_12_12_2_120mins_DDA01:20476,521.31877,0.0422006674690462,-2.705887344889999,train
TATAEQAQEIHAFIR,562.625378414989,3,51.118,MP_CT17052024_HP_12_12_2_120mins_DDA01,20499,MP_CT17052024_HP_12_12_2_120mins_DDA01:20499,562.62504,0.006517069800891236,-0.5949755114947811,train
FDTITTGTTSANTIHIR,616.986950680614,3,51.281,MP_CT17052024_HP_12_12_2_120mins_DDA01,20570,MP_CT17052024_HP_12_12_2_120mins_DDA01:20570,616.98652,-0.0037818223988573857,-0.7018202684750546,train
VGEEVEIVGIK,586.334729000926,2,51.368,MP_CT17052024_HP_12_12_2_120mins_DDA01,20606,MP_CT17052024_HP_12_12_2_120mins_DDA01:20606,586.33208,0.027288290405823815,-4.490610560305537,train
EASYAEIC[UNIMOD:4]QAMK,700.812084957957,2,51.87,MP_CT17052024_HP_12_12_2_120mins_DDA01,20820,MP_CT17052024_HP_12_12_2_120mins_DDA01:20820,700.81287,0.025684459916155946,1.1458735661662627,train
IKDLDEAQIESLR,510.611218258739,3,52.049,MP_CT17052024_HP_12_12_2_120mins_DDA01,20897,MP_CT17052024_HP_12_12_2_120mins_DDA01:20897,510.61051,0.0130562662400384,-1.3740240071985685,train
VNLC[UNIMOD:4]GGGFTGQSQALR,833.411389157176,2,52.07,MP_CT17052024_HP_12_12_2_120mins_DDA01,20906,MP_CT17052024_HP_12_12_2_120mins_DDA01:20906,832.9123,0.011405762959956168,-598.8394971186013,train
QAITSAGTGC[UNIMOD:4]MAALDAQR,911.433239743114,2,52.346,MP_CT17052024_HP_12_12_2_120mins_DDA01,21023,MP_CT17052024_HP_12_12_2_120mins_DDA01:21023,911.43273,0.016457605242918453,-0.5428188180231919,train
VAYVTGGM[UNIMOD:35]GGIGTAIC[UNIMOD:4]QR,914.452893063426,2,53.149,MP_CT17052024_HP_12_12_2_120mins_DDA01,21368,MP_CT17052024_HP_12_12_2_120mins_DDA01:21368,913.94802,0.012582772516766007,-552.0913841003406,train
VIIAMGSVTEAAR,659.362133786082,2,53.786,MP_CT17052024_HP_12_12_2_120mins_DDA01,21640,MP_CT17052024_HP_12_12_2_120mins_DDA01:21640,659.36339,0.015924451053209776,1.9211202055199246,train
EGDEVTAVVVNVDR,751.376599118114,2,54.09,MP_CT17052024_HP_12_12_2_120mins_DDA01,21770,MP_CT17052024_HP_12_12_2_120mins_DDA01:21770,751.37828,0.013308875641759652,2.2503786890867286,train
GYAGYNEALKPQYDLAK,634.65449218452,3,54.47,MP_CT17052024_HP_12_12_2_120mins_DDA01,21933,MP_CT17052024_HP_12_12_2_120mins_DDA01:21933,634.3195,0.023121891817941224,-527.8108356251867,train
PATYAEIC[UNIMOD:4]AAMK,663.81416015327,2,55.152,MP_CT17052024_HP_12_12_2_120mins_DDA01,22225,MP_CT17052024_HP_12_12_2_120mins_DDA01:22225,663.31505,0.018844740557724345,-751.863523300994,train
NINSFTLGAQSVNPK,795.418041989207,2,55.242,MP_CT17052024_HP_12_12_2_120mins_DDA01,22264,MP_CT17052024_HP_12_12_2_120mins_DDA01:22264,795.41774,0.011314809504564054,-0.368346192050582,train
GVSADQISIVSYGK,712.376354977489,2,55.798,MP_CT17052024_HP_12_12_2_120mins_DDA01,22500,MP_CT17052024_HP_12_12_2_120mins_DDA01:22500,712.37501,0.01895069302956884,-1.869064686886449,train
ITIQASSGLSDDEIER,867.427075192332,2,56.052,MP_CT17052024_HP_12_12_2_120mins_DDA01,22609,MP_CT17052024_HP_12_12_2_120mins_DDA01:22609,867.43124,0.01210470587885844,4.813439408801803,train
LVSWYDNETGYSNK,838.380627438426,2,56.215,MP_CT17052024_HP_12_12_2_120mins_DDA01,22679,MP_CT17052024_HP_12_12_2_120mins_DDA01:22679,838.38356,0.014313257864204482,3.5122013530429115,train
DGAQIAVPNDPTNLGR,820.369885250926,2,56.269,MP_CT17052024_HP_12_12_2_120mins_DDA01,22702,MP_CT17052024_HP_12_12_2_120mins_DDA01:22702,819.41573,0.010373244614195174,-1163.068962038157,train
YIDYKDPEFLK,477.578228756785,3,56.358,MP_CT17052024_HP_12_12_2_120mins_DDA01,22740,MP_CT17052024_HP_12_12_2_120mins_DDA01:22740,477.57825,0.032804397360967665,0.07728551992549289,train
VLADLAMNHPEAFK,519.602917477489,3,56.486,MP_CT17052024_HP_12_12_2_120mins_DDA01,22795,MP_CT17052024_HP_12_12_2_120mins_DDA01:22795,519.26943,0.014764332742079951,-641.7974179999019,train
SLINTQVQPFK,637.859143063426,2,56.692,MP_CT17052024_HP_12_12_2_120mins_DDA01,22883,MP_CT17052024_HP_12_12_2_120mins_DDA01:22883,637.85879,0.02821941211822323,-0.5252937573980163,train
GNPEYYVAEIQPGK,782.885021969676,2,56.718,MP_CT17052024_HP_12_12_2_120mins_DDA01,22894,MP_CT17052024_HP_12_12_2_120mins_DDA01:22894,782.88574,0.020437209743136616,0.9375965863595511,train
GFGFITPDDGSK,620.797497555614,2,56.803,MP_CT17052024_HP_12_12_2_120mins_DDA01,22930,MP_CT17052024_HP_12_12_2_120mins_DDA01:22930,620.79586,0.021746279262310212,-2.61607951108524,train
AHVAGIAMGLIK,394.233532711864,3,57.064,MP_CT17052024_HP_12_12_2_120mins_DDA01,23042,MP_CT17052024_HP_12_12_2_120mins_DDA01:23042,394.23388,0.020292522752742462,0.901212369131889,train
LVADSITSQLER,666.361279293895,2,57.145,MP_CT17052024_HP_12_12_2_120mins_DDA01,23077,MP_CT17052024_HP_12_12_2_120mins_DDA01:23077,666.3619,0.01725788965649979,0.9487437592528246,train
AAVEEGVVAGGGVALVR,777.437329098582,2,57.22,MP_CT17052024_HP_12_12_2_120mins_DDA01,23109,MP_CT17052024_HP_12_12_2_120mins_DDA01:23109,777.43593,0.022509893678758844,-1.7771189139208659,train
GTQFVSNASC[UNIMOD:4]TTNC[UNIMOD:4]LAPIAK,1070.513012692332,2,57.306,MP_CT17052024_HP_12_12_2_120mins_DDA01,23146,MP_CT17052024_HP_12_12_2_120mins_DDA01:23146,1070.5117,0.01728145511763073,-1.2089459135766483,train
TIGGIIIPDTAK,599.856274411082,2,57.316,MP_CT17052024_HP_12_12_2_120mins_DDA01,23150,MP_CT17052024_HP_12_12_2_120mins_DDA01:23150,599.85572,0.016670675555847437,-0.9075692047517183,train
YGTEPDGYINYVK,759.85761718452,2,57.421,MP_CT17052024_HP_12_12_2_120mins_DDA01,23195,MP_CT17052024_HP_12_12_2_120mins_DDA01:23195,759.85919,0.016450416626082563,2.086332287019616,train
VAVFGATDLAPR,608.83662109077,2,57.556,MP_CT17052024_HP_12_12_2_120mins_DDA01,23253,MP_CT17052024_HP_12_12_2_120mins_DDA01:23253,608.83786,0.02627957478414815,2.06115924467183,train
EALAALELASGK,586.829907223582,2,57.907,MP_CT17052024_HP_12_12_2_120mins_DDA01,23403,MP_CT17052024_HP_12_12_2_120mins_DDA01:23403,586.8297,0.03493347389385011,-0.31819029625838996,train
VIAEEVGLSLEK,643.864208981395,2,58.169,MP_CT17052024_HP_12_12_2_120mins_DDA01,23515,MP_CT17052024_HP_12_12_2_120mins_DDA01:23515,643.86374,0.03106247303690637,-0.697323113572631,train
SVVTGVEMFR,562.792370602489,2,58.291,MP_CT17052024_HP_12_12_2_120mins_DDA01,23567,MP_CT17052024_HP_12_12_2_120mins_DDA01:23567,562.79207,0.016880124186643614,-0.5172466866618106,train
VNVNTEC[UNIMOD:4]QIAFANATR,904.441479489207,2,58.3,MP_CT17052024_HP_12_12_2_120mins_DDA01,23571,MP_CT17052024_HP_12_12_2_120mins_DDA01:23571,904.44142,0.006633928800885144,-0.05914059480336793,train
LQAFEGVVIAK,587.845532223582,2,58.344,MP_CT17052024_HP_12_12_2_120mins_DDA01,23590,MP_CT17052024_HP_12_12_2_120mins_DDA01:23590,587.84516,0.023815795435553535,-0.6093838642315578,train
AQGYVTGIEPGTSYAYSTK,996.980725094676,2,58.452,MP_CT17052024_HP_12_12_2_120mins_DDA01,23636,MP_CT17052024_HP_12_12_2_120mins_DDA01:23636,996.98109,0.010531794798341805,0.3765422086760854,train
RAELTQDAITALTK,510.955029293895,3,58.585,MP_CT17052024_HP_12_12_2_120mins_DDA01,23693,MP_CT17052024_HP_12_12_2_120mins_DDA01:23693,510.95438,0.013047479209073325,-1.2576982150830494,train
IYAGQFFGEK,580.292065426707,2,58.776,MP_CT17052024_HP_12_12_2_120mins_DDA01,23775,MP_CT17052024_HP_12_12_2_120mins_DDA01:23775,580.29276,0.02498738743567029,1.2219248465896515,train
SVETDGYNAIQVTTGAK,878.43427734077,2,58.892,MP_CT17052024_HP_12_12_2_120mins_DDA01,23825,MP_CT17052024_HP_12_12_2_120mins_DDA01:23825,877.43378,0.006268279219054475,-1138.9489988924809,train
IIAEQLGVEESQVTNEK,943.988842770457,2,58.918,MP_CT17052024_HP_12_12_2_120mins_DDA01,23836,MP_CT17052024_HP_12_12_2_120mins_DDA01:23836,943.98892,0.013771348164621458,0.09558327276731025,train
IIAEQLGVEESQVTNEK,629.995434567332,3,58.988,MP_CT17052024_HP_12_12_2_120mins_DDA01,23866,MP_CT17052024_HP_12_12_2_120mins_DDA01:23866,629.66171,0.006352617667648568,-529.7190249658846,train
TEFNVVLTDAGANK,739.883435055614,2,59.037,MP_CT17052024_HP_12_12_2_120mins_DDA01,23887,MP_CT17052024_HP_12_12_2_120mins_DDA01:23887,739.87791,0.015543104980399684,-7.451924658223586,train
LEQATIEMLGTADK,760.386364743114,2,59.119,MP_CT17052024_HP_12_12_2_120mins_DDA01,23922,MP_CT17052024_HP_12_12_2_120mins_DDA01:23922,760.38726,0.007233156487862848,1.1846042062367232,train
EELNANVIGFGGK,674.348278805614,2,59.153,MP_CT17052024_HP_12_12_2_120mins_DDA01,23937,MP_CT17052024_HP_12_12_2_120mins_DDA01:23937,674.34879,0.027433874405165627,0.7854908252808996,train
EAYPGDVFYLHSR,518.58466796577,3,59.53,MP_CT17052024_HP_12_12_2_120mins_DDA01,24097,MP_CT17052024_HP_12_12_2_120mins_DDA01:24097,518.58429,0.023782697509395552,-0.7050583236816911,train
ELELVGVGYR,567.813122555614,2,59.534,MP_CT17052024_HP_12_12_2_120mins_DDA01,24099,MP_CT17052024_HP_12_12_2_120mins_DDA01:24099,567.81131,0.03698411724251659,-3.155185293710372,train
VTWVDDKGEVQTNLGYR,661.00068359077,3,59.588,MP_CT17052024_HP_12_12_2_120mins_DDA01,24122,MP_CT17052024_HP_12_12_2_120mins_DDA01:24122,660.66556,0.011099917657004016,-506.983223702875,train
AAVEEGVVPGGGVALVR,790.443493649364,2,59.816,MP_CT17052024_HP_12_12_2_120mins_DDA01,24220,MP_CT17052024_HP_12_12_2_120mins_DDA01:24220,790.44375,0.02846502374612136,0.3527774450726879,train
AEAIHYIGDLVQR,742.899975582957,2,59.825,MP_CT17052024_HP_12_12_2_120mins_DDA01,24224,MP_CT17052024_HP_12_12_2_120mins_DDA01:24224,742.89644,0.024229487735771143,-4.734934812878486,train
VATYDLKPEMSAYEVK,615.644665524364,3,59.893,MP_CT17052024_HP_12_12_2_120mins_DDA01,24253,MP_CT17052024_HP_12_12_2_120mins_DDA01:24253,615.30973,0.009751186954617363,-544.0305798451859,train
GVSAC[UNIMOD:4]ATC[UNIMOD:4]DGFFYR,805.839978024364,2,59.997,MP_CT17052024_HP_12_12_2_120mins_DDA01,24298,MP_CT17052024_HP_12_12_2_120mins_DDA01:24298,805.83995,0.017993647664056957,-0.016782939743646058,train
VGEEIEIVGIK,593.340100094676,2,60.046,MP_CT17052024_HP_12_12_2_120mins_DDA01,24319,MP_CT17052024_HP_12_12_2_120mins_DDA01:24319,593.3399,0.03539286701324785,-0.30184151698424355,train
AGIALTDTFVK,568.322094723582,2,60.221,MP_CT17052024_HP_12_12_2_120mins_DDA01,24394,MP_CT17052024_HP_12_12_2_120mins_DDA01:24394,568.32151,0.02287437630306302,-1.0059851399025592,train
QGNALSWASSGGQGFK,798.38447265327,2,60.386,MP_CT17052024_HP_12_12_2_120mins_DDA01,24465,MP_CT17052024_HP_12_12_2_120mins_DDA01:24465,797.88406,0.023186325963760416,-626.7583732022779,train
TANSDVVVITSGIPR,764.921215817332,2,60.656,MP_CT17052024_HP_12_12_2_120mins_DDA01,24580,MP_CT17052024_HP_12_12_2_120mins_DDA01:24580,764.92011,0.013726923757218864,-1.4319348311149638,train
IAVLTSGGDAPGMNAAIR,857.951916500926,2,60.679,MP_CT17052024_HP_12_12_2_120mins_DDA01,24590,MP_CT17052024_HP_12_12_2_120mins_DDA01:24590,857.45125,0.01982619998172389,-583.5402792361048,train
LVLVLNC[UNIMOD:4]GSSSLK,695.395397946239,2,60.722,MP_CT17052024_HP_12_12_2_120mins_DDA01,24608,MP_CT17052024_HP_12_12_2_120mins_DDA01:24608,695.39214,0.030917807041306415,-4.654109372147171,train
SLSNSLGLLGR,558.823010250926,2,60.984,MP_CT17052024_HP_12_12_2_120mins_DDA01,24720,MP_CT17052024_HP_12_12_2_120mins_DDA01:24720,558.82221,0.03400008039357714,-1.398029271486654,train
TSIAIDTILNQK,658.875744625926,2,61.123,MP_CT17052024_HP_12_12_2_120mins_DDA01,24779,MP_CT17052024_HP_12_12_2_120mins_DDA01:24779,658.87464,0.01593626390601451,-1.660595240906172,train
INIIDTPGHADFGGEVER,647.656323239207,3,61.132,MP_CT17052024_HP_12_12_2_120mins_DDA01,24783,MP_CT17052024_HP_12_12_2_120mins_DDA01:24783,647.32179,0.020597689772434112,-516.5083607932445,train
LISQLFGDR,524.792309567332,2,61.273,MP_CT17052024_HP_12_12_2_120mins_DDA01,24843,MP_CT17052024_HP_12_12_2_120mins_DDA01:24843,524.79292,0.040015783865123285,1.2032048802731903,train
YVAAGLNPMDLK,646.339611813426,2,61.324,MP_CT17052024_HP_12_12_2_120mins_DDA01,24865,MP_CT17052024_HP_12_12_2_120mins_DDA01:24865,646.33938,0.02862273378752724,-0.33003303851912963,train
LATLPTYEEAIAK,710.391003414989,2,62.173,MP_CT17052024_HP_12_12_2_120mins_DDA01,25228,MP_CT17052024_HP_12_12_2_120mins_DDA01:25228,710.39012,0.019707481242353705,-1.2238541659508066,train
VYSGVVNSGDSVLNSVK,862.448071286082,2,62.366,MP_CT17052024_HP_12_12_2_120mins_DDA01,25311,MP_CT17052024_HP_12_12_2_120mins_DDA01:25311,862.44669,0.020291109385957528,-1.581296459844554,train
VVGTLGQILGPR,605.369396969676,2,62.43,MP_CT17052024_HP_12_12_2_120mins_DDA01,25338,MP_CT17052024_HP_12_12_2_120mins_DDA01:25338,605.36933,0.022300436225346987,-0.08832570023879369,train
YVDVGATYYFNK,720.345349118114,2,62.443,MP_CT17052024_HP_12_12_2_120mins_DDA01,25344,MP_CT17052024_HP_12_12_2_120mins_DDA01:25344,720.34572,0.01527044569599351,0.5301372275437918,train
EFGISIPDDQAEK,724.84736327827,2,62.677,MP_CT17052024_HP_12_12_2_120mins_DDA01,25444,MP_CT17052024_HP_12_12_2_120mins_DDA01:25444,724.84882,0.025522563463834306,2.0352170743770146,train
ADIDYATSEAHTTYGVIGVK,704.682751461864,3,62.951,MP_CT17052024_HP_12_12_2_120mins_DDA01,25561,MP_CT17052024_HP_12_12_2_120mins_DDA01:25561,704.3479,0.001893004073205625,-475.1785506824184,train
SLGQFNLEGIRPAPR,552.639904782176,3,63.047,MP_CT17052024_HP_12_12_2_120mins_DDA01,25602,MP_CT17052024_HP_12_12_2_120mins_DDA01:25602,552.30564,0.019312977936882775,-604.8316681747501,train
ISIAELPTTASYGNK,782.91767577827,2,63.079,MP_CT17052024_HP_12_12_2_120mins_DDA01,25616,MP_CT17052024_HP_12_12_2_120mins_DDA01:25616,782.9145,0.005109114856843,-4.05122833222938,train
YVVC[UNIMOD:4]NADEGDPGAFMDR,958.899060055614,2,63.368,MP_CT17052024_HP_12_12_2_120mins_DDA01,25741,MP_CT17052024_HP_12_12_2_120mins_DDA01:25741,958.4011,0.019302982863996513,-519.2846425201842,train
IALLYYADGEK,628.367260739207,2,64.079,MP_CT17052024_HP_12_12_2_120mins_DDA01,26044,MP_CT17052024_HP_12_12_2_120mins_DDA01:26044,628.33208,0.026259999354457476,-55.96128475191276,train
SEGVISLNEFR,625.821850582957,2,64.466,MP_CT17052024_HP_12_12_2_120mins_DDA01,26210,MP_CT17052024_HP_12_12_2_120mins_DDA01:26210,625.82241,0.02556635847107284,0.9194582172029597,train
SPSDGVAVLGGEPVPVNPC[UNIMOD:4]SK,1034.02216796577,2,64.567,MP_CT17052024_HP_12_12_2_120mins_DDA01,26253,MP_CT17052024_HP_12_12_2_120mins_DDA01:26253,1033.5148,-0.0033865018871844827,-490.67755168928716,train
DVSFEAPNTPHIFQK,577.288952633739,3,64.569,MP_CT17052024_HP_12_12_2_120mins_DDA01,26254,MP_CT17052024_HP_12_12_2_120mins_DDA01:26254,577.28965,0.023096435731473623,1.2310985532223448,train
ALNLDAIHDTVHEMAK,593.301647946239,3,64.646,MP_CT17052024_HP_12_12_2_120mins_DDA01,26287,MP_CT17052024_HP_12_12_2_120mins_DDA01:26287,593.30157,0.007865589593643694,-0.12351149301808208,train
VVSWYDNEIGYSNK,837.895153805614,2,64.775,MP_CT17052024_HP_12_12_2_120mins_DDA01,26342,MP_CT17052024_HP_12_12_2_120mins_DDA01:26342,837.39393,0.016718535418975677,-598.1772341533516,train
SIIGGGDSAAAAINLGR,772.418347164989,2,65.041,MP_CT17052024_HP_12_12_2_120mins_DDA01,26456,MP_CT17052024_HP_12_12_2_120mins_DDA01:26456,771.91536,0.023966358042737446,-651.1609503258957,train
VILPDPVFNDQK,692.877209469676,2,65.288,MP_CT17052024_HP_12_12_2_120mins_DDA01,26562,MP_CT17052024_HP_12_12_2_120mins_DDA01:26562,692.87718,0.03175165932269413,-0.010780663284699675,train
LGEVHDGAATMDWMEQEQER,778.002941891551,3,65.419,MP_CT17052024_HP_12_12_2_120mins_DDA01,26618,MP_CT17052024_HP_12_12_2_120mins_DDA01:26618,778.00381,0.009425832429011011,1.1252422522208383,train
LHFGSYHDVDSSELAFK,651.645520016551,3,65.494,MP_CT17052024_HP_12_12_2_120mins_DDA01,26650,MP_CT17052024_HP_12_12_2_120mins_DDA01:26650,651.31101,0.012794706826743996,-513.318472916204,train
AAVEEGVVPGGGVALIR,797.951733395457,2,65.656,MP_CT17052024_HP_12_12_2_120mins_DDA01,26719,MP_CT17052024_HP_12_12_2_120mins_DDA01:26719,797.45158,0.02194490606271062,-626.7746212277854,train
NLLTSFAGESQAR,697.859997555614,2,65.67,MP_CT17052024_HP_12_12_2_120mins_DDA01,26725,MP_CT17052024_HP_12_12_2_120mins_DDA01:26725,697.35715,0.015056847169823192,-720.5414515449756,train
LAEIVGQYLR,581.335827633739,2,65.705,MP_CT17052024_HP_12_12_2_120mins_DDA01,26740,MP_CT17052024_HP_12_12_2_120mins_DDA01:26740,581.33496,0.023222412318787834,-1.4692604484554703,train
LEGQQAAILGAISGAK,763.931713864207,2,66.551,MP_CT17052024_HP_12_12_2_120mins_DDA01,27101,MP_CT17052024_HP_12_12_2_120mins_DDA01:27101,763.93048,0.023562353564215956,-1.5915875528105425,train
LGSETHGGGDVMLFAGGAGSSQFK,771.031628414989,3,66.628,MP_CT17052024_HP_12_12_2_120mins_DDA01,27134,MP_CT17052024_HP_12_12_2_120mins_DDA01:27134,770.69882,0.01816533218299236,-431.6222612982363,train
FADSGWSC[UNIMOD:4]GTNFGYK,848.854809567332,2,66.658,MP_CT17052024_HP_12_12_2_120mins_DDA01,27147,MP_CT17052024_HP_12_12_2_120mins_DDA01:27147,848.85665,0.02120499401392219,2.1893410358761645,train
AFSETDFTEDLK,701.821179196239,2,66.938,MP_CT17052024_HP_12_12_2_120mins_DDA01,27266,MP_CT17052024_HP_12_12_2_120mins_DDA01:27266,701.82227,0.014961052789523858,1.5692085016902149,train
DC[UNIMOD:4]FYGAENAPVIVGGR,862.903576657176,2,67.248,MP_CT17052024_HP_12_12_2_120mins_DDA01,27399,MP_CT17052024_HP_12_12_2_120mins_DDA01:27399,862.90668,0.019700855667358057,3.616096755652023,train
VEHGVLFIDIPK,456.262219235301,3,67.54,MP_CT17052024_HP_12_12_2_120mins_DDA01,27523,MP_CT17052024_HP_12_12_2_120mins_DDA01:27523,456.26249,0.02264778190310493,0.616088776386806,train
TFGLGVTAPVGAAGEVR,801.937756344676,2,67.744,MP_CT17052024_HP_12_12_2_120mins_DDA01,27610,MP_CT17052024_HP_12_12_2_120mins_DDA01:27610,801.43593,0.01122984352718504,-625.7559775752209,train
GGGDGFIQETDYYQMK,904.892346188426,2,68.051,MP_CT17052024_HP_12_12_2_120mins_DDA01,27742,MP_CT17052024_HP_12_12_2_120mins_DDA01:27742,904.89343,0.020444396681617065,1.2181687455193182,train
LDC[UNIMOD:4]LTGLPDLK,622.833447262645,2,68.31,MP_CT17052024_HP_12_12_2_120mins_DDA01,27853,MP_CT17052024_HP_12_12_2_120mins_DDA01:27853,622.83139,0.019266851793371797,-3.283803485257374,train
GIGAAILEALK,528.328259274364,2,68.482,MP_CT17052024_HP_12_12_2_120mins_DDA01,27926,MP_CT17052024_HP_12_12_2_120mins_DDA01:27926,528.3266,0.032177066580506834,-3.10843558900057,train
SNQSVATLEAVYHPFR,910.459851071239,2,68.816,MP_CT17052024_HP_12_12_2_120mins_DDA01,28069,MP_CT17052024_HP_12_12_2_120mins_DDA01:28069,909.9603,0.014286337760616405,-548.6656777353387,train
VAGTTAGITALQMDIK,795.431958004832,2,69.105,MP_CT17052024_HP_12_12_2_120mins_DDA01,28193,MP_CT17052024_HP_12_12_2_120mins_DDA01:28193,795.432,0.0044001247724592026,0.05719554962074298,train
FLAFEQTFK,565.79804687202,2,69.219,MP_CT17052024_HP_12_12_2_120mins_DDA01,28241,MP_CT17052024_HP_12_12_2_120mins_DDA01:28241,565.79767,0.03181349274245192,-0.6342758195644448,train
LGNEDDTYMEANLLK,863.401013180614,2,69.262,MP_CT17052024_HP_12_12_2_120mins_DDA01,28260,MP_CT17052024_HP_12_12_2_120mins_DDA01:28260,863.40363,0.020268619786754115,3.0510960095392217,train
FNDGDTITVEPWR,775.36103515327,2,69.366,MP_CT17052024_HP_12_12_2_120mins_DDA01,28304,MP_CT17052024_HP_12_12_2_120mins_DDA01:28304,775.36771,0.014186817356521731,8.62288202135069,train
FVIGGPMGDC[UNIMOD:4]GLTGR,768.868054196239,2,69.471,MP_CT17052024_HP_12_12_2_120mins_DDA01,28349,MP_CT17052024_HP_12_12_2_120mins_DDA01:28349,768.86851,0.019509187401161483,0.612333622552277,train
MLGSVTDFLKPR,455.251202389598,3,69.497,MP_CT17052024_HP_12_12_2_120mins_DDA01,28360,MP_CT17052024_HP_12_12_2_120mins_DDA01:28360,455.2516,0.008786350207008544,0.8821731823478658,train
GYLSPYFVTNPEK,757.88105468452,2,69.711,MP_CT17052024_HP_12_12_2_120mins_DDA01,28451,MP_CT17052024_HP_12_12_2_120mins_DDA01:28451,757.87992,0.02309072936824478,-1.4740895197120005,train
LDAPLIVVATEGGK,692.398205563426,2,69.844,MP_CT17052024_HP_12_12_2_120mins_DDA01,28508,MP_CT17052024_HP_12_12_2_120mins_DDA01:28508,691.89812,0.015175644689327191,-722.2362210183832,train
TEFDVVLTAAGANK,718.37324218452,2,69.966,MP_CT17052024_HP_12_12_2_120mins_DDA01,28560,MP_CT17052024_HP_12_12_2_120mins_DDA01:28560,718.37501,0.0069601531671641135,2.4678194787568644,train
LGFEGGQTPLFR,661.346813961864,2,70.128,MP_CT17052024_HP_12_12_2_120mins_DDA01,28629,MP_CT17052024_HP_12_12_2_120mins_DDA01:28629,661.34859,0.02721711432382134,2.712703982660356,train
GTADAIYQNVDIIR,775.406750485301,2,70.13,MP_CT17052024_HP_12_12_2_120mins_DDA01,28630,MP_CT17052024_HP_12_12_2_120mins_DDA01:28630,774.90446,0.020002465875225032,-647.7567869852451,train
NPSYEQLFAEETR,792.369702145457,2,70.246,MP_CT17052024_HP_12_12_2_120mins_DDA01,28679,MP_CT17052024_HP_12_12_2_120mins_DDA01:28679,792.37045,0.018930539609979546,0.9627507728890308,train
GYLSPYFINNPEK,771.385510250926,2,70.502,MP_CT17052024_HP_12_12_2_120mins_DDA01,28787,MP_CT17052024_HP_12_12_2_120mins_DDA01:28787,771.38537,0.027223746881104235,-0.1545931630891839,train
DMQDIEFTIEK,684.820690914989,2,70.812,MP_CT17052024_HP_12_12_2_120mins_DDA01,28919,MP_CT17052024_HP_12_12_2_120mins_DDA01:28919,684.82122,0.016062586503838922,0.7886517132406751,train
MVEGVNILANAVK,679.377819821239,2,71.123,MP_CT17052024_HP_12_12_2_120mins_DDA01,29052,MP_CT17052024_HP_12_12_2_120mins_DDA01:29052,679.37904,0.02134301938463459,1.8173668981486564,train
GYLSAYFVTNTEK,747.370373532176,2,71.258,MP_CT17052024_HP_12_12_2_120mins_DDA01,29109,MP_CT17052024_HP_12_12_2_120mins_DDA01:29109,746.86956,0.007364070583682767,-670.0935037189049,train
TEFDVVLQEAGANK,760.882702633739,2,71.642,MP_CT17052024_HP_12_12_2_120mins_DDA01,29273,MP_CT17052024_HP_12_12_2_120mins_DDA01:29273,760.8832,0.011171228429518463,0.6648413208762015,train
AAIEEGIVPGGGVAYIR,836.457043454051,2,71.698,MP_CT17052024_HP_12_12_2_120mins_DDA01,29297,MP_CT17052024_HP_12_12_2_120mins_DDA01:29297,836.45686,0.023910378566180366,-0.19541236709524182,train
IQYPMIGDPTGTITR,832.429638668895,2,71.872,MP_CT17052024_HP_12_12_2_120mins_DDA01,29371,MP_CT17052024_HP_12_12_2_120mins_DDA01:29371,831.92962,0.009616197901590648,-600.6641830950135,train
GILENIIPSSTGAAK,735.912060543895,2,72.263,MP_CT17052024_HP_12_12_2_120mins_DDA01,29538,MP_CT17052024_HP_12_12_2_120mins_DDA01:29538,735.91176,0.011550297871830425,-0.39684618673802924,train
DWEDTSSDASNFALR,857.367993161082,2,72.272,MP_CT17052024_HP_12_12_2_120mins_DDA01,29542,MP_CT17052024_HP_12_12_2_120mins_DDA01:29542,857.37118,0.01457944973760834,3.7315819385445583,train
LFVVDGFC[UNIMOD:4]GANPDTR,834.89716796577,2,72.291,MP_CT17052024_HP_12_12_2_120mins_DDA01,29550,MP_CT17052024_HP_12_12_2_120mins_DDA01:29550,834.39595,0.012583953869886718,-600.3223929853233,train
YMWDVADLHADNVR,568.931103512645,3,72.507,MP_CT17052024_HP_12_12_2_120mins_DDA01,29642,MP_CT17052024_HP_12_12_2_120mins_DDA01:29642,568.93147,0.02577932056267468,0.6699475901126709,train
YMWDVADLHADNVR,853.395275875926,2,72.718,MP_CT17052024_HP_12_12_2_120mins_DDA01,29732,MP_CT17052024_HP_12_12_2_120mins_DDA01:29732,852.89357,0.022277105531134968,-587.8716347604172,train
FLGFEQTFK,558.789379879832,2,72.731,MP_CT17052024_HP_12_12_2_120mins_DDA01,29737,MP_CT17052024_HP_12_12_2_120mins_DDA01:29737,558.78985,0.02326456015774981,0.8645836614605059,train
LGNEDDTYGEIQLGQEVYNK,1143.032543942332,2,72.871,MP_CT17052024_HP_12_12_2_120mins_DDA01,29797,MP_CT17052024_HP_12_12_2_120mins_DDA01:29797,1143.032,0.050742236707556246,-0.42513429244160816,train
LLDQGQAGDNVGLLLR,841.464428707957,2,73.251,MP_CT17052024_HP_12_12_2_120mins_DDA01,29959,MP_CT17052024_HP_12_12_2_120mins_DDA01:29959,841.46522,0.019014451774866045,0.9593893874871475,train
KAPAYDELSPSQELLETGIK,730.716381832957,3,73.305,MP_CT17052024_HP_12_12_2_120mins_DDA01,29982,MP_CT17052024_HP_12_12_2_120mins_DDA01:29982,730.38272,0.011409543358711567,-456.6114951286976,train
VGEIGNETHGGTDVFLGAIGQGAER,829.074047848582,3,73.314,MP_CT17052024_HP_12_12_2_120mins_DDA01,29986,MP_CT17052024_HP_12_12_2_120mins_DDA01:29986,828.74197,0.0072398891356394756,-400.5334016228499,train
GTDTTIGVVEGMQFDR,863.909802243114,2,73.744,MP_CT17052024_HP_12_12_2_120mins_DDA01,30166,MP_CT17052024_HP_12_12_2_120mins_DDA01:30166,863.40925,0.007528295579914734,-579.395837174481,train
FSTGIGYQYQDGAFGGPVK,996.477185055614,2,73.877,MP_CT17052024_HP_12_12_2_120mins_DDA01,30223,MP_CT17052024_HP_12_12_2_120mins_DDA01:30223,996.47852,0.017060076675891746,1.35672387312338,train
SAGTFIQILAR,588.84052734077,2,74.001,MP_CT17052024_HP_12_12_2_120mins_DDA01,30276,MP_CT17052024_HP_12_12_2_120mins_DDA01:30276,588.84041,0.014435150663968496,-0.1848391285691872,train
EQVILNTWYGGEMK,834.404431149364,2,74.029,MP_CT17052024_HP_12_12_2_120mins_DDA01,30288,MP_CT17052024_HP_12_12_2_120mins_DDA01:30288,834.40852,0.019774486637398864,4.920096877307476,train
APETVANFLQYC[UNIMOD:4]R,784.876232907176,2,74.434,MP_CT17052024_HP_12_12_2_120mins_DDA01,30460,MP_CT17052024_HP_12_12_2_120mins_DDA01:30460,784.87993,0.02102232392268173,4.731437478111423,train
IFDFVKPGVITGDDVQK,627.006481930614,3,74.711,MP_CT17052024_HP_12_12_2_120mins_DDA01,30578,MP_CT17052024_HP_12_12_2_120mins_DDA01:30578,626.67176,0.021808333513941156,-533.8194637425088,train
AAVEEGIVPGGGVALLR,804.45869140327,2,74.713,MP_CT17052024_HP_12_12_2_120mins_DDA01,30579,MP_CT17052024_HP_12_12_2_120mins_DDA01:30579,804.4594,0.027969093423140082,0.9088058068002308,train
IEEELGNLAVYGYK,799.404553219676,2,74.717,MP_CT17052024_HP_12_12_2_120mins_DDA01,30581,MP_CT17052024_HP_12_12_2_120mins_DDA01:30581,799.40905,0.01688747473705237,5.642049830630031,train
YLGVLLYDADR,649.866955563426,2,74.932,MP_CT17052024_HP_12_12_2_120mins_DDA01,30672,MP_CT17052024_HP_12_12_2_120mins_DDA01:30672,649.34298,0.023870281954399015,-806.2574330644682,train
LLSYNC[UNIMOD:4]SPSFNWK,808.37812499702,2,74.955,MP_CT17052024_HP_12_12_2_120mins_DDA01,30682,MP_CT17052024_HP_12_12_2_120mins_DDA01:30682,808.38231,0.018555576848057795,5.195592075252476,train
MTDPIADYLTR,648.319226071239,2,75.054,MP_CT17052024_HP_12_12_2_120mins_DDA01,30724,MP_CT17052024_HP_12_12_2_120mins_DDA01:30724,648.31865,0.006941031305334206,-0.8816200660018394,train
FDDNAC[UNIMOD:4]VLLNNAGEIR,911.430432125926,2,75.34,MP_CT17052024_HP_12_12_2_120mins_DDA01,30846,MP_CT17052024_HP_12_12_2_120mins_DDA01:30846,910.93342,0.024151051505449585,-545.2858588086426,train
AFVGVLGATINAASPNK,815.95332030952,2,75.613,MP_CT17052024_HP_12_12_2_120mins_DDA01,30962,MP_CT17052024_HP_12_12_2_120mins_DDA01:30962,815.45158,0.015328929939617984,-614.8976871979609,train
IIQFGEGNFLR,647.350415036082,2,75.705,MP_CT17052024_HP_12_12_2_120mins_DDA01,31001,MP_CT17052024_HP_12_12_2_120mins_DDA01:31001,647.35114,0.022398971940073262,1.1422931086331591,train
IDVYQNMTGSTPAAFADPAK,1049.505810543895,2,75.763,MP_CT17052024_HP_12_12_2_120mins_DDA01,31026,MP_CT17052024_HP_12_12_2_120mins_DDA01:31026,1049.0015,0.013346024733666632,-480.5085773023077,train
DLLPTLEQVAK,613.852856442332,2,76.212,MP_CT17052024_HP_12_12_2_120mins_DDA01,31216,MP_CT17052024_HP_12_12_2_120mins_DDA01:31216,613.85318,0.018734121637189446,0.545827333923423,train
EQIIFPEIDYDKVDR,627.654248043895,3,76.614,MP_CT17052024_HP_12_12_2_120mins_DDA01,31387,MP_CT17052024_HP_12_12_2_120mins_DDA01:31387,627.31939,0.020191734966234796,-533.4869926742169,train
TNTILQSAFFR,649.34980468452,2,76.64,MP_CT17052024_HP_12_12_2_120mins_DDA01,31398,MP_CT17052024_HP_12_12_2_120mins_DDA01:31398,649.34859,0.02002006361616184,-1.8505965679829992,train
LLDQGQAGDNIGALIR,827.451611325145,2,77.025,MP_CT17052024_HP_12_12_2_120mins_DDA01,31562,MP_CT17052024_HP_12_12_2_120mins_DDA01:31562,827.44957,0.01933652566393508,-2.447665963102608,train
AFAEQLVNLTVK,666.879406735301,2,77.225,MP_CT17052024_HP_12_12_2_120mins_DDA01,31647,MP_CT17052024_HP_12_12_2_120mins_DDA01:31647,666.87973,0.015744968202917646,0.5004873381159204,train
AFGWDSDMTAYGPK,773.340771481395,2,77.257,MP_CT17052024_HP_12_12_2_120mins_DDA01,31661,MP_CT17052024_HP_12_12_2_120mins_DDA01:31661,773.33757,0.012930963755503648,-4.12687590331654,train
LLDQGEAGDNVGLLLR,841.957592770457,2,77.666,MP_CT17052024_HP_12_12_2_120mins_DDA01,31835,MP_CT17052024_HP_12_12_2_120mins_DDA01:31835,841.95723,0.016034068510905664,-0.4148314121150319,train
DGVPSTDAAEVLGNISR,851.429455563426,2,77.743,MP_CT17052024_HP_12_12_2_120mins_DDA01,31868,MP_CT17052024_HP_12_12_2_120mins_DDA01:31868,850.92612,0.018215447310540714,-591.1471116454118,train
IEEELGDLAVYGYK,800.40009765327,2,78.206,MP_CT17052024_HP_12_12_2_120mins_DDA01,32065,MP_CT17052024_HP_12_12_2_120mins_DDA01:32065,799.90105,0.02687832465809111,-623.4708800422962,train
SMQDPLADMLTR,689.328869625926,2,78.231,MP_CT17052024_HP_12_12_2_120mins_DDA01,32076,MP_CT17052024_HP_12_12_2_120mins_DDA01:32076,689.32869,0.015232210800114282,-0.24534867681002848,train
IQLVGDDLFVTNTK,781.926831051707,2,78.47,MP_CT17052024_HP_12_12_2_120mins_DDA01,32178,MP_CT17052024_HP_12_12_2_120mins_DDA01:32178,781.92486,0.015346743125295843,-2.5054156339267584,train
VAVDALAVFVNK,623.364819332957,2,78.49,MP_CT17052024_HP_12_12_2_120mins_DDA01,32186,MP_CT17052024_HP_12_12_2_120mins_DDA01:32186,623.36371,0.032886098099571326,-1.7467026100664889,train
IVSLAPEVL,940.571179196239,1,78.651,MP_CT17052024_HP_12_12_2_120mins_DDA01,32255,MP_CT17052024_HP_12_12_2_120mins_DDA01:32255,940.57136,0.03721142436797175,0.22943905347406385,train
QLDEGLAGDNVGVLLR,834.949536129832,2,78.832,MP_CT17052024_HP_12_12_2_120mins_DDA01,32332,MP_CT17052024_HP_12_12_2_120mins_DDA01:32332,834.9494,0.022157031324455602,-0.14088256471975294,train
SDYDSIDYYTLGAQYK,951.423657223582,2,79.09,MP_CT17052024_HP_12_12_2_120mins_DDA01,32442,MP_CT17052024_HP_12_12_2_120mins_DDA01:32442,951.42562,0.01576581475261879,2.0787547198350222,train
EQIIFPEIEYDK,762.386608883739,2,79.393,MP_CT17052024_HP_12_12_2_120mins_DDA01,32571,MP_CT17052024_HP_12_12_2_120mins_DDA01:32571,762.38504,0.022298444083389678,-2.0355600697875196,train
NFGVMIEEAGLADR,761.366467282176,2,80.402,MP_CT17052024_HP_12_12_2_120mins_DDA01,33000,MP_CT17052024_HP_12_12_2_120mins_DDA01:33000,761.37194,0.023641533293492806,7.211662267771736,train
GNPTVEC[UNIMOD:4]DVLLESGVMGR,967.461865231395,2,80.775,MP_CT17052024_HP_12_12_2_120mins_DDA01,33159,MP_CT17052024_HP_12_12_2_120mins_DDA01:33159,966.96132,0.01913209919963352,-517.3606830232874,train
TLADEILPQLR,635.366101071239,2,80.871,MP_CT17052024_HP_12_12_2_120mins_DDA01,33200,MP_CT17052024_HP_12_12_2_120mins_DDA01:33200,634.86408,0.016538973419350338,-790.1122996528851,train
ALGEFNLEGIPAAPR,777.921459957957,2,80.891,MP_CT17052024_HP_12_12_2_120mins_DDA01,33208,MP_CT17052024_HP_12_12_2_120mins_DDA01:33208,777.91737,0.02570967153386958,-5.231836588222942,train
DRGEDALIIYDDLSK,574.956066891551,3,81.187,MP_CT17052024_HP_12_12_2_120mins_DDA01,33334,MP_CT17052024_HP_12_12_2_120mins_DDA01:33334,574.95634,0.022030658644550442,0.49703817779328335,train
ILEVPVGPELLGR,696.417248532176,2,81.454,MP_CT17052024_HP_12_12_2_120mins_DDA01,33447,MP_CT17052024_HP_12_12_2_120mins_DDA01:33447,696.41648,0.020820874342655473,-1.0827304717224329,train
VLDLIAHMASVNC[UNIMOD:4],721.860791012645,2,81.709,MP_CT17052024_HP_12_12_2_120mins_DDA01,33556,MP_CT17052024_HP_12_12_2_120mins_DDA01:33556,721.86015,0.030476817508408215,-0.8575235733369538,train
MIPGFEDAILGK,645.840771481395,2,81.791,MP_CT17052024_HP_12_12_2_120mins_DDA01,33591,MP_CT17052024_HP_12_12_2_120mins_DDA01:33591,645.84176,0.021677136462426024,1.5522689945573445,train
ILEIEGLPDLK,619.662731930614,2,82.352,MP_CT17052024_HP_12_12_2_120mins_DDA01,33829,MP_CT17052024_HP_12_12_2_120mins_DDA01:33829,620.36338,0.025791335512568004,1130.7184267853684,train
AGDTGIFFVDSQLGQR,855.929638668895,2,82.425,MP_CT17052024_HP_12_12_2_120mins_DDA01,33860,MP_CT17052024_HP_12_12_2_120mins_DDA01:33860,855.92593,0.011099091155202398,-4.3218142332760285,train
ELGLNSETATVFNLK,818.934338375926,2,82.451,MP_CT17052024_HP_12_12_2_120mins_DDA01,33871,MP_CT17052024_HP_12_12_2_120mins_DDA01:33871,818.43305,0.012829394101350509,-612.1099732122668,train
TTLTAAITNVLAK,658.893383786082,2,82.63,MP_CT17052024_HP_12_12_2_120mins_DDA01,33947,MP_CT17052024_HP_12_12_2_120mins_DDA01:33947,658.89283,0.007588487474322969,-0.8328905640181938,train
EATILELNDLVK,679.380444332957,2,82.679,MP_CT17052024_HP_12_12_2_120mins_DDA01,33968,MP_CT17052024_HP_12_12_2_120mins_DDA01:33968,679.3823,0.018399066532894352,2.7498098578909844,train
LGYPITDDLDVYTR,820.911938473582,2,82.958,MP_CT17052024_HP_12_12_2_120mins_DDA01,34086,MP_CT17052024_HP_12_12_2_120mins_DDA01:34086,820.91195,0.014617889389221036,0.02865888165039901,train
NLADDILPQLR,634.353588864207,2,83.312,MP_CT17052024_HP_12_12_2_120mins_DDA01,34234,MP_CT17052024_HP_12_12_2_120mins_DDA01:34234,634.35388,0.02206970039868005,0.48101847045279145,train
QQLEMAELLGYGK,740.878186032176,2,83.936,MP_CT17052024_HP_12_12_2_120mins_DDA01,34500,MP_CT17052024_HP_12_12_2_120mins_DDA01:34500,740.37923,0.030389831438189293,-673.435311745489,train
VLDAGQC[UNIMOD:4]NDSYSLAVIALK,1019.516979977489,2,84.302,MP_CT17052024_HP_12_12_2_120mins_DDA01,34656,MP_CT17052024_HP_12_12_2_120mins_DDA01:34656,1019.0197,0.014720029530160682,-487.74565530034914,train
IFPIESPAIDSIEVNK,886.475964352489,2,84.663,MP_CT17052024_HP_12_12_2_120mins_DDA01,34810,MP_CT17052024_HP_12_12_2_120mins_DDA01:34810,886.47746,0.01861299454683457,1.705796402739254,train
LYPNVDFYSGIVQR,836.437573239207,2,84.683,MP_CT17052024_HP_12_12_2_120mins_DDA01,34818,MP_CT17052024_HP_12_12_2_120mins_DDA01:34818,835.93048,0.020934755259384926,-606.232617269124,train
TTLTAAITTVLAK,652.395458981395,2,84.758,MP_CT17052024_HP_12_12_2_120mins_DDA01,34849,MP_CT17052024_HP_12_12_2_120mins_DDA01:34849,652.39521,-0.005364846155630007,-0.3870066712352911,train
VFLMDEPLSNLDAK,796.396008297801,2,84.867,MP_CT17052024_HP_12_12_2_120mins_DDA01,34896,MP_CT17052024_HP_12_12_2_120mins_DDA01:34896,796.40545,0.02009026943912893,11.87562732671608,train
YSGLFNGFQVDTSYK,863.909436032176,2,85.161,MP_CT17052024_HP_12_12_2_120mins_DDA01,35020,MP_CT17052024_HP_12_12_2_120mins_DDA01:35020,863.40958,0.012161088302981658,-578.585568496154,train
YTLAGTEVSALLGR,725.900769039989,2,85.258,MP_CT17052024_HP_12_12_2_120mins_DDA01,35061,MP_CT17052024_HP_12_12_2_120mins_DDA01:35061,725.89865,0.010332020763808972,-2.9088548726374,train
YIDEC[UNIMOD:4]GAANFFGIK,802.871166989207,2,85.386,MP_CT17052024_HP_12_12_2_120mins_DDA01,35115,MP_CT17052024_HP_12_12_2_120mins_DDA01:35115,802.87432,0.01743734944510398,3.9446064614898035,train
IGTVGDAVSYIEEHAK,845.42695312202,2,85.455,MP_CT17052024_HP_12_12_2_120mins_DDA01,35145,MP_CT17052024_HP_12_12_2_120mins_DDA01:35145,844.92813,0.02071182065979189,-590.0043997628422,train
IGTVGDAVSYIEEHAK,563.620739743114,3,85.618,MP_CT17052024_HP_12_12_2_120mins_DDA01,35214,MP_CT17052024_HP_12_12_2_120mins_DDA01:35214,563.62118,0.018333827176693705,0.7994564208572176,train
LTLEDVVAYAK,611.340893551707,2,85.803,MP_CT17052024_HP_12_12_2_120mins_DDA01,35293,MP_CT17052024_HP_12_12_2_120mins_DDA01:35293,611.3399,0.027807771210035474,-1.5973930704241,train
ANLETLFGLTNK,660.862683102489,2,86.003,MP_CT17052024_HP_12_12_2_120mins_DDA01,35377,MP_CT17052024_HP_12_12_2_120mins_DDA01:35377,660.86153,0.01967129192837869,-1.7251730473314018,train
ELLSQYDFPGDDTPIVR,983.485607907176,2,86.473,MP_CT17052024_HP_12_12_2_120mins_DDA01,35576,MP_CT17052024_HP_12_12_2_120mins_DDA01:35576,982.98364,0.011190420190744649,-510.3856153463761,train
AVTNLAELDALVAR,728.911511227489,2,86.49,MP_CT17052024_HP_12_12_2_120mins_DDA01,35583,MP_CT17052024_HP_12_12_2_120mins_DDA01:35583,728.41192,0.02196559341490557,-685.371570888768,train
ITGVIPVDLAVEQMK,806.953686520457,2,87.247,MP_CT17052024_HP_12_12_2_120mins_DDA01,35903,MP_CT17052024_HP_12_12_2_120mins_DDA01:35903,806.95257,0.012392302175131886,-1.3712316771067863,train
LFGSVTNADIAEALTK,825.444348141551,2,87.426,MP_CT17052024_HP_12_12_2_120mins_DDA01,35979,MP_CT17052024_HP_12_12_2_120mins_DDA01:35979,825.44088,0.007268842647052589,-4.194276160408163,train
LLLDSAFSPIVR,665.891247555614,2,87.628,MP_CT17052024_HP_12_12_2_120mins_DDA01,36065,MP_CT17052024_HP_12_12_2_120mins_DDA01:36065,665.89009,0.03303848546258164,-1.7053169238915755,train
SMSDPIADLLTR,659.838146969676,2,87.771,MP_CT17052024_HP_12_12_2_120mins_DDA01,36126,MP_CT17052024_HP_12_12_2_120mins_DDA01:36126,659.8372,0.022732880113653247,-1.4124216374623972,train
LGYPITDDLDIYTR,828.422314450145,2,87.872,MP_CT17052024_HP_12_12_2_120mins_DDA01,36169,MP_CT17052024_HP_12_12_2_120mins_DDA01:36169,827.91978,0.008454925543648127,-606.607815095492,train
SNTLGVVGSVPIPEVIR,869.502514645457,2,88.068,MP_CT17052024_HP_12_12_2_120mins_DDA01,36253,MP_CT17052024_HP_12_12_2_120mins_DDA01:36253,868.99889,0.018987366042763215,-579.1911316811004,train
ELFANPDVDGGLIGGAALK,929.492810055614,2,88.288,MP_CT17052024_HP_12_12_2_120mins_DDA01,36346,MP_CT17052024_HP_12_12_2_120mins_DDA01:36346,928.99127,0.014531890791286643,-539.5701292022875,train
EQIIFPEIEYDKVDALR,693.699658200145,3,89.569,MP_CT17052024_HP_12_12_2_120mins_DDA01,36886,MP_CT17052024_HP_12_12_2_120mins_DDA01:36886,693.365,0.017306901968501077,-482.4079069220921,train
LLGPDTGFDSIGEFTTAK,934.96943359077,2,89.571,MP_CT17052024_HP_12_12_2_120mins_DDA01,36887,MP_CT17052024_HP_12_12_2_120mins_DDA01:36887,934.96746,0.0010695559367116826,-2.109791720636111,train
YTAQDWEGFQELVSK,900.922985836864,2,89.941,MP_CT17052024_HP_12_12_2_120mins_DDA01,37045,MP_CT17052024_HP_12_12_2_120mins_DDA01:37045,900.92559,0.016649543805072158,2.907199813230329,train
GVVTELGAVNVNTGIFTGR,953.011975094676,2,90.218,MP_CT17052024_HP_12_12_2_120mins_DDA01,37162,MP_CT17052024_HP_12_12_2_120mins_DDA01:37162,952.51544,0.004199406863382847,-521.0124401918473,train
EQVEDEANVLNIVSHLR,655.670361325145,3,90.69,MP_CT17052024_HP_12_12_2_120mins_DDA01,37363,MP_CT17052024_HP_12_12_2_120mins_DDA01:37363,655.67272,0.010676057991747314,3.6080246943489502,train
GFEFENAIVGGVVPR,796.423779293895,2,91.217,MP_CT17052024_HP_12_12_2_120mins_DDA01,37585,MP_CT17052024_HP_12_12_2_120mins_DDA01:37585,795.91737,0.025128236695213337,-635.8289481811914,train
VVSWYDNEMSYTSQLVR,1038.985424801707,2,91.415,MP_CT17052024_HP_12_12_2_120mins_DDA01,37669,MP_CT17052024_HP_12_12_2_120mins_DDA01:37669,1038.9884,0.009624746726841323,2.8731859195112883,train
FNQIGSLTETLAAIK,803.446789547801,2,91.977,MP_CT17052024_HP_12_12_2_120mins_DDA01,37908,MP_CT17052024_HP_12_12_2_120mins_DDA01:37908,803.44596,0.014313345870980387,-1.0181729664392303,train
YFTNTDFMNIIK,753.869091793895,2,92.414,MP_CT17052024_HP_12_12_2_120mins_DDA01,38092,MP_CT17052024_HP_12_12_2_120mins_DDA01:38092,753.8685,0.014591404166943796,-0.770417438922773,train
GIIDAILDGSIDKAPTK,576.324963375926,3,92.801,MP_CT17052024_HP_12_12_2_120mins_DDA01,38256,MP_CT17052024_HP_12_12_2_120mins_DDA01:38256,576.32436,0.023713498325575705,-1.0232235228222095,train
VVNVPSFQVSPEDVIC[UNIMOD:4]VR,1023.039074704051,2,93.276,MP_CT17052024_HP_12_12_2_120mins_DDA01,38458,MP_CT17052024_HP_12_12_2_120mins_DDA01:38458,1022.5302,0.04840932831053949,-497.36634370296895,train
IVLAYEPVWAIGTGK,808.955700680614,2,93.474,MP_CT17052024_HP_12_12_2_120mins_DDA01,38541,MP_CT17052024_HP_12_12_2_120mins_DDA01:38541,808.95597,0.012361612043070267,0.3452839081706059,train
AGDMPFDVVIAAPDAMR,888.927807614207,2,94.291,MP_CT17052024_HP_12_12_2_120mins_DDA01,38887,MP_CT17052024_HP_12_12_2_120mins_DDA01:38887,888.42639,0.02026054173667035,-564.0498698683109,train
VMTDPIADFLTR,689.855969235301,2,94.351,MP_CT17052024_HP_12_12_2_120mins_DDA01,38912,MP_CT17052024_HP_12_12_2_120mins_DDA01:38912,689.85539,0.020294108089764378,-0.8193526276747837,train
ALYAALSYADGSDFLATGK,967.479382321239,2,94.355,MP_CT17052024_HP_12_12_2_120mins_DDA01,38914,MP_CT17052024_HP_12_12_2_120mins_DDA01:38914,967.48073,0.014987378632579523,1.4079667080590441,train
SLQNELDVVEGMQFDR,627.633801266551,3,95.492,MP_CT17052024_HP_12_12_2_120mins_DDA01,39394,MP_CT17052024_HP_12_12_2_120mins_DDA01:39394,627.3,0.02178649250095407,-531.8190307958901,train
SLQNELDVVEGMQFDR,940.146618649364,2,95.653,MP_CT17052024_HP_12_12_2_120mins_DDA01,39461,MP_CT17052024_HP_12_12_2_120mins_DDA01:39461,940.44636,0.023924809491565665,318.84798039980404,train
MSMNPFDEIAVEEAVR,919.426403805614,2,95.864,MP_CT17052024_HP_12_12_2_120mins_DDA01,39551,MP_CT17052024_HP_12_12_2_120mins_DDA01:39551,919.42659,0.015226881750998086,0.21773834773115502,train
GAVIELADGVEGYLR,781.414624020457,2,95.922,MP_CT17052024_HP_12_12_2_120mins_DDA01,39576,MP_CT17052024_HP_12_12_2_120mins_DDA01:39576,781.41466,0.02623447055805052,0.07227858443018174,train
IILAYEPVWAIGTGK,816.464611813426,2,96.151,MP_CT17052024_HP_12_12_2_120mins_DDA01,39673,MP_CT17052024_HP_12_12_2_120mins_DDA01:39673,815.96379,0.018383168508545954,-613.384592767376,train
EYSINEAIALLK,682.378491207957,2,96.238,MP_CT17052024_HP_12_12_2_120mins_DDA01,39710,MP_CT17052024_HP_12_12_2_120mins_DDA01:39710,682.37702,0.021249250187578762,-2.134750693014324,train
DIASLGIYPAVDPLDSTSR,995.510144039989,2,96.368,MP_CT17052024_HP_12_12_2_120mins_DDA01,39766,MP_CT17052024_HP_12_12_2_120mins_DDA01:39766,995.51002,0.01255637802517627,-0.11204304591692897,train
YQMNEFIDLLPAQQR,933.461560055614,2,96.613,MP_CT17052024_HP_12_12_2_120mins_DDA01,39870,MP_CT17052024_HP_12_12_2_120mins_DDA01:39870,933.46436,0.02035428535485769,3.019882667549411,train
GVLGYTEDAVVSSDFLGDTR,1051.505932614207,2,96.62,MP_CT17052024_HP_12_12_2_120mins_DDA01,39873,MP_CT17052024_HP_12_12_2_120mins_DDA01:39873,1051.0078,0.04757338632609179,-473.68502521763253,train
FLGFEQIFK,564.808605954051,2,96.665,MP_CT17052024_HP_12_12_2_120mins_DDA01,39892,MP_CT17052024_HP_12_12_2_120mins_DDA01:39892,564.80804,0.03541026091482637,-0.9666177979475831,train
VVITATQMLDSMIK,775.419506832957,2,96.697,MP_CT17052024_HP_12_12_2_120mins_DDA01,39906,MP_CT17052024_HP_12_12_2_120mins_DDA01:39906,775.42004,0.018054730798987652,0.7056400286401283,train
ATQDFLWGFVR,670.343518063426,2,96.846,MP_CT17052024_HP_12_12_2_120mins_DDA01,39969,MP_CT17052024_HP_12_12_2_120mins_DDA01:39969,670.34331,0.023122480526279167,-0.2872608158704088,train
SLANELDVVEGMQFDR,911.934399411082,2,96.885,MP_CT17052024_HP_12_12_2_120mins_DDA01,39986,MP_CT17052024_HP_12_12_2_120mins_DDA01:39986,911.93563,0.022479656945493767,1.3719067060446175,train
GLTM[UNIMOD:35]SQIDAIFSSTLK,864.948986813426,2,97.027,MP_CT17052024_HP_12_12_2_120mins_DDA01,40046,MP_CT17052024_HP_12_12_2_120mins_DDA01:40046,864.44784,0.0161953090942461,-579.378461696618,train
ALDAVIESVTGALK,693.896435543895,2,97.342,MP_CT17052024_HP_12_12_2_120mins_DDA01,40180,MP_CT17052024_HP_12_12_2_120mins_DDA01:40180,693.89557,0.025219933328959235,-1.222147645559135,train
DIAALGIYPAVDPLDSTSR,987.513317868114,2,97.526,MP_CT17052024_HP_12_12_2_120mins_DDA01,40258,MP_CT17052024_HP_12_12_2_120mins_DDA01:40258,987.51256,0.01569600314256596,-0.7517550399445804,train
ISAFDVVLPEGIPYK,824.419873043895,2,97.608,MP_CT17052024_HP_12_12_2_120mins_DDA01,40293,MP_CT17052024_HP_12_12_2_120mins_DDA01:40293,824.45326,0.01698095046000958,40.51449655337378,train
ENLEALLVALK,606.863598629832,2,97.657,MP_CT17052024_HP_12_12_2_120mins_DDA01,40314,MP_CT17052024_HP_12_12_2_120mins_DDA01:40314,606.86355,0.021421619540117367,-0.05871143368617408,train
LMTDPFVGQLTFVR,812.934155270457,2,97.852,MP_CT17052024_HP_12_12_2_120mins_DDA01,40396,MP_CT17052024_HP_12_12_2_120mins_DDA01:40396,812.4318,0.012924161934602149,-617.9402934421142,train
TTLTAAITTVLTK,667.401196286082,2,97.861,MP_CT17052024_HP_12_12_2_120mins_DDA01,40400,MP_CT17052024_HP_12_12_2_120mins_DDA01:40400,667.40049,-0.008240928815126307,-1.0665040547423046,train
VLDTVAGNPLGFPLYVR,916.513073727489,2,98.46,MP_CT17052024_HP_12_12_2_120mins_DDA01,40654,MP_CT17052024_HP_12_12_2_120mins_DDA01:40654,916.00926,0.016375380392787162,-549.6907157471202,train
GNTGENLLQLLEGR,757.402844235301,2,98.583,MP_CT17052024_HP_12_12_2_120mins_DDA01,40706,MP_CT17052024_HP_12_12_2_120mins_DDA01:40706,757.40209,0.012542875086975993,-0.9832750257498503,train
AAGAELVGMDDLAELVK,851.438488766551,2,98.869,MP_CT17052024_HP_12_12_2_120mins_DDA01,40827,MP_CT17052024_HP_12_12_2_120mins_DDA01:40827,851.44002,0.02114065528016215,1.8195482931305909,train
GLVALIEASDAMVK,709.395520016551,2,98.932,MP_CT17052024_HP_12_12_2_120mins_DDA01,40854,MP_CT17052024_HP_12_12_2_120mins_DDA01:40854,708.89198,0.021159782447835677,-709.7944691548158,train
ALNIENIVAELK,664.387951657176,2,99.059,MP_CT17052024_HP_12_12_2_120mins_DDA01,40908,MP_CT17052024_HP_12_12_2_120mins_DDA01:40908,663.88501,0.02485370172040023,-756.9751316555273,train
LYTPQEISAMILQK,545.633618161082,3,99.064,MP_CT17052024_HP_12_12_2_120mins_DDA01,40910,MP_CT17052024_HP_12_12_2_120mins_DDA01:40910,545.63225,0.02199283486213088,-2.485479334360274,train
LYTPQEISAMILQK,817.945324704051,2,99.215,MP_CT17052024_HP_12_12_2_120mins_DDA01,40974,MP_CT17052024_HP_12_12_2_120mins_DDA01:40974,817.94474,0.018338647134192268,-0.6965062747163753,train
SAVGNFGSGWTWLVK,804.912182614207,2,99.259,MP_CT17052024_HP_12_12_2_120mins_DDA01,40992,MP_CT17052024_HP_12_12_2_120mins_DDA01:40992,804.91209,0.016150832033319507,-0.09891042620318001,train
AAILEAIDLLDSGK,714.90253905952,2,99.394,MP_CT17052024_HP_12_12_2_120mins_DDA01,41049,MP_CT17052024_HP_12_12_2_120mins_DDA01:41049,714.90086,0.01958313519447588,-2.3290720466981867,train
DVAGIDPVSLIAFDK,780.422436520457,2,99.471,MP_CT17052024_HP_12_12_2_120mins_DDA01,41082,MP_CT17052024_HP_12_12_2_120mins_DDA01:41082,780.41941,0.026908608249958537,-3.8511456311988033,train
IATDPFVGNLTFFR,799.923901364207,2,99.527,MP_CT17052024_HP_12_12_2_120mins_DDA01,41106,MP_CT17052024_HP_12_12_2_120mins_DDA01:41106,799.42229,0.011883581620995612,-627.0619784601882,train
SLEC[UNIMOD:4]VEYPELGMEAIWK,1027.480541989207,2,99.532,MP_CT17052024_HP_12_12_2_120mins_DDA01,41108,MP_CT17052024_HP_12_12_2_120mins_DDA01:41108,1027.4841,0.01897839565618288,3.481828264808083,train
NLYPNVDFYSGIILK,878.970349118114,2,99.549,MP_CT17052024_HP_12_12_2_120mins_DDA01,41115,MP_CT17052024_HP_12_12_2_120mins_DDA01:41115,878.46944,0.017075152850085075,-569.8646360671925,train
TVNMMELINNIAK,745.888256832957,2,99.754,MP_CT17052024_HP_12_12_2_120mins_DDA01,41202,MP_CT17052024_HP_12_12_2_120mins_DDA01:41202,745.88891,0.01943989222233434,0.8951301175120002,train
LQQAGLSAQRDAVDLIAAR,999.049694821239,2,100.09,MP_CT17052024_HP_12_12_2_120mins_DDA01,41344,MP_CT17052024_HP_12_12_2_120mins_DDA01:41344,998.55034,0.02303339052684172,-499.80679022015113,train
VPTPTGSVTELVAVLEK,870.494213864207,2,100.16,MP_CT17052024_HP_12_12_2_120mins_DDA01,41375,MP_CT17052024_HP_12_12_2_120mins_DDA01:41375,870.49311,0.0051694838176054156,-1.2629196030071599,train
IQEGINALAGYAEIFQR,946.998608395457,2,100.25,MP_CT17052024_HP_12_12_2_120mins_DDA01,41410,MP_CT17052024_HP_12_12_2_120mins_DDA01:41410,946.99688,0.0216473786113064,-1.8034825414328917,train
GIIDAILDGSIDK,665.367443844676,2,100.38,MP_CT17052024_HP_12_12_2_120mins_DDA01,41465,MP_CT17052024_HP_12_12_2_120mins_DDA01:41465,665.36665,0.025549822899548637,-1.1675423603663484,train
EGLDVVLGGGSSFFLPSADK,998.510266110301,2,101.0,MP_CT17052024_HP_12_12_2_120mins_DDA01,41729,MP_CT17052024_HP_12_12_2_120mins_DDA01:41729,998.00711,0.02003993756805854,-503.88676749493743,train
AALESTLAAITESLK,759.425671383739,2,101.05,MP_CT17052024_HP_12_12_2_120mins_DDA01,41751,MP_CT17052024_HP_12_12_2_120mins_DDA01:41751,759.4247,0.00592553816788157,-1.2731775805464274,train
ALNIENIIAEIK,670.892956539989,2,101.1,MP_CT17052024_HP_12_12_2_120mins_DDA01,41773,MP_CT17052024_HP_12_12_2_120mins_DDA01:41773,670.89283,0.032046847357495196,-0.15656743423633546,train
TQSAFSEGGLIIGAGLEDLGK,1032.039013668895,2,101.42,MP_CT17052024_HP_12_12_2_120mins_DDA01,41906,MP_CT17052024_HP_12_12_2_120mins_DDA01:41906,1032.0364,0.014534370927655076,-2.5179948245857826,train
DTDKPFLMPVEDVFTITGR,728.037060543895,3,101.42,MP_CT17052024_HP_12_12_2_120mins_DDA01,41907,MP_CT17052024_HP_12_12_2_120mins_DDA01:41907,727.7014,-0.0022903166909651923,-461.05099417721834,train
ESVQALIDC[UNIMOD:4]MQEFEK,913.917858883739,2,101.55,MP_CT17052024_HP_12_12_2_120mins_DDA01,41961,MP_CT17052024_HP_12_12_2_120mins_DDA01:41961,913.91859,0.024619260796219518,0.8245995565251033,train
NLNDSQIASFQEELSALGYK,1114.547680661082,2,101.64,MP_CT17052024_HP_12_12_2_120mins_DDA01,41999,MP_CT17052024_HP_12_12_2_120mins_DDA01:41999,1114.0475,0.01301560313534322,-448.7615646782723,train
DIIAILGMDELSPEDK,880.452160641551,2,102.34,MP_CT17052024_HP_12_12_2_120mins_DDA01,42297,MP_CT17052024_HP_12_12_2_120mins_DDA01:42297,879.94514,0.0142054310627637,-575.8497329162301,train
SIGGVLELVDYMEK,776.899304196239,2,102.48,MP_CT17052024_HP_12_12_2_120mins_DDA01,42358,MP_CT17052024_HP_12_12_2_120mins_DDA01:42358,776.9,0.02188183801915192,0.9174982615015758,train
SEQTDLLQALFGR,739.38740234077,2,102.6,MP_CT17052024_HP_12_12_2_120mins_DDA01,42407,MP_CT17052024_HP_12_12_2_120mins_DDA01:42407,739.38591,0.011496026527450302,-2.0068515710371333,train
AVDGAFLM[UNIMOD:35]PVEDVFSISGR,1014.002941891551,2,102.61,MP_CT17052024_HP_12_12_2_120mins_DDA01,42411,MP_CT17052024_HP_12_12_2_120mins_DDA01:42411,1013.5011,0.05722736777949683,-494.85447311901225,train
TVLIQELINNIAK,734.941418454051,2,102.64,MP_CT17052024_HP_12_12_2_120mins_DDA01,42425,MP_CT17052024_HP_12_12_2_120mins_DDA01:42425,734.94032,0.012245892261397747,-1.482368558421561,train
DVDKPFLMPVEDVFSITGR,722.704418942332,3,102.69,MP_CT17052024_HP_12_12_2_120mins_DDA01,42444,MP_CT17052024_HP_12_12_2_120mins_DDA01:42444,722.36976,0.00784455131726404,-463.056910811624,train
GGVFSDDFINSYLELK,902.944409176707,2,102.88,MP_CT17052024_HP_12_12_2_120mins_DDA01,42526,MP_CT17052024_HP_12_12_2_120mins_DDA01:42526,902.44362,0.015513434599205471,-554.6024446439094,train
DIIAILGMDELAPEDK,871.947399899364,2,102.9,MP_CT17052024_HP_12_12_2_120mins_DDA01,42532,MP_CT17052024_HP_12_12_2_120mins_DDA01:42532,871.94768,0.01777629608624742,0.3390120048344669,train
SVEELNQELLGLLR,806.951794430614,2,102.9,MP_CT17052024_HP_12_12_2_120mins_DDA01,42533,MP_CT17052024_HP_12_12_2_120mins_DDA01:42533,806.94887,0.020447391899577536,-3.603598919041077,train
TILEALNTDLVC[UNIMOD:4]DAINTAM[UNIMOD:35]R,751.374829098582,3,103.23,MP_CT17052024_HP_12_12_2_120mins_DDA01,42673,MP_CT17052024_HP_12_12_2_120mins_DDA01:42673,750.70833,0.007548426651994851,-887.0318862222395,train
TILEALNTDLVC[UNIMOD:4]DAINTAM[UNIMOD:35]R,1125.557690426707,2,103.24,MP_CT17052024_HP_12_12_2_120mins_DDA01,42680,MP_CT17052024_HP_12_12_2_120mins_DDA01:42680,1125.5589,-0.030651438903865857,1.0439920610841906,train
GAEAALSALEMINVLK,815.448864743114,2,103.31,MP_CT17052024_HP_12_12_2_120mins_DDA01,42709,MP_CT17052024_HP_12_12_2_120mins_DDA01:42709,815.44765,0.01900796454280012,-1.470653974580414,train
ALDAFIDAVGEALK,716.888806149364,2,103.39,MP_CT17052024_HP_12_12_2_120mins_DDA01,42741,MP_CT17052024_HP_12_12_2_120mins_DDA01:42741,716.88775,0.023713614798242997,-1.4495265585388466,train
VIAGTGSDMYSAITGAIGALR,1013.030651852489,2,103.45,MP_CT17052024_HP_12_12_2_120mins_DDA01,42770,MP_CT17052024_HP_12_12_2_120mins_DDA01:42770,1012.5277,-0.0009876275235224856,-496.48335079445604,train
SIGVTVGDLANPFFVQITK,1004.054638668895,2,103.57,MP_CT17052024_HP_12_12_2_120mins_DDA01,42819,MP_CT17052024_HP_12_12_2_120mins_DDA01:42819,1003.5515,-0.0004982303630729114,-501.1073596172188,train
DIDKPFLMPVEDVFSITGR,727.041027829051,3,103.75,MP_CT17052024_HP_12_12_2_120mins_DDA01,42895,MP_CT17052024_HP_12_12_2_120mins_DDA01:42895,727.04164,0.012378933312921643,0.8543822497112267,train
LIQFGWETITEALK,824.952038571239,2,104.24,MP_CT17052024_HP_12_12_2_120mins_DDA01,43105,MP_CT17052024_HP_12_12_2_120mins_DDA01:43105,824.95088,0.012121933961012642,-1.392288503086287,train
DYVFDFVTPYPDFDVK,983.961926266551,2,104.58,MP_CT17052024_HP_12_12_2_120mins_DDA01,43249,MP_CT17052024_HP_12_12_2_120mins_DDA01:43249,983.9591,0.013720082725118219,-2.8586132000098727,train
LLPWIDGLLDAGEK,770.424633786082,2,104.63,MP_CT17052024_HP_12_12_2_120mins_DDA01,43269,MP_CT17052024_HP_12_12_2_120mins_DDA01:43269,770.4245,0.021416764413884713,-0.15223563333181253,train
SVEELNAELLNLLR,806.909497067332,2,104.93,MP_CT17052024_HP_12_12_2_120mins_DDA01,43399,MP_CT17052024_HP_12_12_2_120mins_DDA01:43399,806.94887,0.019827774027265252,48.814560754358084,train
AEGVQALNALYQQIVEFQPK,1123.595776364207,2,107.3,MP_CT17052024_HP_12_12_2_120mins_DDA01,44189,MP_CT17052024_HP_12_12_2_120mins_DDA01:44189,1123.5944,0.03248503223738948,-1.192478856693214,train
GTFVIDPQGVIQIVEINAGGIGR,1177.65156249702,2,108.22,MP_CT17052024_HP_12_12_2_120mins_DDA01,44579,MP_CT17052024_HP_12_12_2_120mins_DDA01:44579,1177.1473,0.05351921544111525,-428.13979370169585,train
TAPVANLQDELTAALVGLAR,1012.566906735301,2,108.27,MP_CT17052024_HP_12_12_2_120mins_DDA01,44598,MP_CT17052024_HP_12_12_2_120mins_DDA01:44598,1012.0628,-0.03655899638603898,-497.8868378452913,train
GTFVIDPQGVIQIVEINAGGIGR,785.099255368114,3,108.29,MP_CT17052024_HP_12_12_2_120mins_DDA01,44608,MP_CT17052024_HP_12_12_2_120mins_DDA01:44608,785.10066,0.009340628281353482,1.7984544116552166,train
QAAILDNPFVLLFDK,852.97285155952,2,108.6,MP_CT17052024_HP_12_12_2_120mins_DDA01,44738,MP_CT17052024_HP_12_12_2_120mins_DDA01:44738,852.47198,0.02111506359216781,-587.1858155909281,train
QSAILDNPFVLLFDK,860.470104977489,2,115.53,MP_CT17052024_HP_12_12_2_120mins_DDA01,47485,MP_CT17052024_HP_12_12_2_120mins_DDA01:47485,860.46944,0.017432344925364784,-0.7553748644765264,train
LDNQAHSYR,552.264965817332,2,3.7374,MP_CT17052024_HP_20_02_1_120mins_DDA01,996,MP_CT17052024_HP_20_02_1_120mins_DDA01:996,552.26506,0.03440376993198963,0.20494269051881944,train
IVGDGIAIKPAGNK,676.899243161082,2,27.196,MP_CT17052024_HP_20_02_1_120mins_DDA01,10186,MP_CT17052024_HP_20_02_1_120mins_DDA01:10186,676.89845,0.028069203092009515,-1.1436873209284408,train
ATIGEVANEEHSLR,763.384228512645,2,38.248,MP_CT17052024_HP_20_02_1_120mins_DDA01,14810,MP_CT17052024_HP_20_02_1_120mins_DDA01:14810,763.38389,0.02161428914732765,-0.42182250155003626,train
VQDIM[UNIMOD:35]LM[UNIMOD:35]GQLK,654.344616696239,2,42.552,MP_CT17052024_HP_20_02_1_120mins_DDA01,16630,MP_CT17052024_HP_20_02_1_120mins_DDA01:16630,654.33852,0.03362174071326594,-9.283634470118312,train
IQALVDAGEYPAK,687.864758297801,2,48.629,MP_CT17052024_HP_20_02_1_120mins_DDA01,19191,MP_CT17052024_HP_20_02_1_120mins_DDA01:19191,687.86682,0.021806546906587936,3.019055961172656,train
TLAPSLDLVGK,557.329663082957,2,61.179,MP_CT17052024_HP_20_02_1_120mins_DDA01,24538,MP_CT17052024_HP_20_02_1_120mins_DDA01:24538,557.32934,0.02153125490107833,-0.5581668760177393,train
SGADFFEVVR,563.779614254832,2,68.894,MP_CT17052024_HP_20_02_1_120mins_DDA01,27832,MP_CT17052024_HP_20_02_1_120mins_DDA01:27832,563.78001,0.036361700938585484,0.7383118465111923,train
YDFPGDDTPIIK,690.869458004832,2,70.494,MP_CT17052024_HP_20_02_1_120mins_DDA01,28514,MP_CT17052024_HP_20_02_1_120mins_DDA01:28514,690.83773,0.012303902445199369,-45.91244331981767,train
DRGEDALIVYDDLSK,854.925244137645,2,75.829,MP_CT17052024_HP_20_02_1_120mins_DDA01,30791,MP_CT17052024_HP_20_02_1_120mins_DDA01:30791,854.92305,0.018715134873223453,-2.547752168689271,train
SGETEDSTIADIAVATNAGQIK,1096.03535155952,2,78.15,MP_CT17052024_HP_20_02_1_120mins_DDA01,31779,MP_CT17052024_HP_20_02_1_120mins_DDA01:31779,1096.0399,-0.02372176408391365,4.126181216348878,train
LVDWLTESAQGVVR,787.42402343452,2,86.85,MP_CT17052024_HP_20_02_1_120mins_DDA01,35483,MP_CT17052024_HP_20_02_1_120mins_DDA01:35483,786.92265,0.0228739129340451,-636.7032495821846,train
IIDYIIAEFK,612.849560543895,2,94.221,MP_CT17052024_HP_20_02_1_120mins_DDA01,38612,MP_CT17052024_HP_20_02_1_120mins_DDA01:38612,612.84736,0.03589800902159745,-3.5547776081017233,train
AAGIQSGSAKPNK,614.834973141551,2,2.7716,MP_CT17052024_HP_20_02_2_120mins_DDA01,549,MP_CT17052024_HP_20_02_2_120mins_DDA01:549,614.83585,0.030089331990213984,1.4562581638254097,train
GSSNPHNLVK,526.778088375926,2,3.4658,MP_CT17052024_HP_20_02_2_120mins_DDA01,827,MP_CT17052024_HP_20_02_2_120mins_DDA01:827,526.7778,0.040814172723770775,-0.5066192611916989,train
LKQPIQK,428.174572750926,2,3.7506,MP_CT17052024_HP_20_02_2_120mins_DDA01,929,MP_CT17052024_HP_20_02_2_120mins_DDA01:929,427.77655,0.03038969766814374,-929.5501794253776,train
VLAQAGM[UNIMOD:35]GSR,503.26093749702,2,5.0676,MP_CT17052024_HP_20_02_2_120mins_DDA01,1386,MP_CT17052024_HP_20_02_2_120mins_DDA01:1386,503.26093,0.04272137727720004,0.027824492215459323,train
AAPAPAPAAAPK,517.266735836864,2,8.6349,MP_CT17052024_HP_20_02_2_120mins_DDA01,2536,MP_CT17052024_HP_20_02_2_120mins_DDA01:2536,516.79547,0.028057521518589236,-911.0412563094969,train
KELSINM[UNIMOD:35]K,489.766369625926,2,9.7303,MP_CT17052024_HP_20_02_2_120mins_DDA01,2957,MP_CT17052024_HP_20_02_2_120mins_DDA01:2957,489.76806,0.03471030748121698,3.486099046030217,train
GPNHGPAPIPEEGK,467.236706539989,3,14.193,MP_CT17052024_HP_20_02_2_120mins_DDA01,4477,MP_CT17052024_HP_20_02_2_120mins_DDA01:4477,467.237,0.0299633803929342,0.658039076792916,train
AWHDTSDTIQK,651.811657711864,2,14.955,MP_CT17052024_HP_20_02_2_120mins_DDA01,4744,MP_CT17052024_HP_20_02_2_120mins_DDA01:4744,651.30967,0.0076768397855603975,-770.1346024190102,train
HAISTVVPAR,525.806591793895,2,16.621,MP_CT17052024_HP_20_02_2_120mins_DDA01,5375,MP_CT17052024_HP_20_02_2_120mins_DDA01:5375,525.80637,0.016165646748218326,-0.40565085769789344,train
VGAATEVEMK,518.263562008739,2,17.017,MP_CT17052024_HP_20_02_2_120mins_DDA01,5536,MP_CT17052024_HP_20_02_2_120mins_DDA01:5536,517.76297,0.03476494286225453,-965.8676500403242,train
GTEDLGGGLK,473.745861813426,2,18.057,MP_CT17052024_HP_20_02_2_120mins_DDA01,5914,MP_CT17052024_HP_20_02_2_120mins_DDA01:5914,473.74564,0.02638546715761638,-0.4418263944532186,train
VVATQGDPDAPVNR,720.339733883739,2,18.466,MP_CT17052024_HP_20_02_2_120mins_DDA01,6067,MP_CT17052024_HP_20_02_2_120mins_DDA01:6067,719.86788,0.018058869312488502,-655.0254852596338,train
DAASGAIYGAR,526.259716793895,2,22.429,MP_CT17052024_HP_20_02_2_120mins_DDA01,7579,MP_CT17052024_HP_20_02_2_120mins_DDA01:7579,526.26199,0.029453010906975288,4.349004934385795,train
AGGGSATLSMGQAAC[UNIMOD:4]R,747.843395993114,2,28.037,MP_CT17052024_HP_20_02_2_120mins_DDA01,9740,MP_CT17052024_HP_20_02_2_120mins_DDA01:9740,747.84302,0.024737811967724736,-0.4780320530390583,train
TIAMGSTEGLK,554.289562985301,2,30.155,MP_CT17052024_HP_20_02_2_120mins_DDA01,10601,MP_CT17052024_HP_20_02_2_120mins_DDA01:10601,554.28936,0.00992261543076362,-0.3562854400679109,train
GTGIIAGGPMR,515.279248043895,2,31.075,MP_CT17052024_HP_20_02_2_120mins_DDA01,10959,MP_CT17052024_HP_20_02_2_120mins_DDA01:10959,515.27913,0.019406957329009746,-0.2096802759040815,train
VNDALDLQAR,557.796154782176,2,33.586,MP_CT17052024_HP_20_02_2_120mins_DDA01,11975,MP_CT17052024_HP_20_02_2_120mins_DDA01:11975,557.79619,0.03944092923643343,0.10257837665962606,train
HEIGQSAVNALR,432.234204098582,3,33.731,MP_CT17052024_HP_20_02_2_120mins_DDA01,12034,MP_CT17052024_HP_20_02_2_120mins_DDA01:12034,432.23359,0.03161870546737988,-1.3891355883507714,train
LQNMGAQLVK,551.308178707957,2,34.002,MP_CT17052024_HP_20_02_2_120mins_DDA01,12142,MP_CT17052024_HP_20_02_2_120mins_DDA01:12142,551.30788,0.03899817306483625,-0.5028185100013722,train
SFDQIDNAPEEK,696.81708984077,2,34.024,MP_CT17052024_HP_20_02_2_120mins_DDA01,12149,MP_CT17052024_HP_20_02_2_120mins_DDA01:12149,696.81752,0.02583172717620706,0.6431518924435001,train
SAGNFAQLTSR,576.293713375926,2,34.986,MP_CT17052024_HP_20_02_2_120mins_DDA01,12524,MP_CT17052024_HP_20_02_2_120mins_DDA01:12524,576.29382,0.02082271172609443,0.20583961145985402,train
THNQGVFDVYTK,470.568249508739,3,35.503,MP_CT17052024_HP_20_02_2_120mins_DDA01,12741,MP_CT17052024_HP_20_02_2_120mins_DDA01:12741,470.23337,0.01134188597254283,-711.6378458498422,train
VQIEEATSDYDR,713.327709957957,2,36.237,MP_CT17052024_HP_20_02_2_120mins_DDA01,13044,MP_CT17052024_HP_20_02_2_120mins_DDA01:13044,713.32825,0.02243006648522713,0.7795043362203631,train
GFGTPAGQLSPK,580.309216305614,2,36.713,MP_CT17052024_HP_20_02_2_120mins_DDA01,13240,MP_CT17052024_HP_20_02_2_120mins_DDA01:13240,580.30894,0.01981703080689322,-0.45631812555029294,train
VEFTIEQGQK,589.807141110301,2,36.84,MP_CT17052024_HP_20_02_2_120mins_DDA01,13295,MP_CT17052024_HP_20_02_2_120mins_DDA01:13295,589.80623,0.019497929246178946,-1.5252617985516557,train
GALSAVVADSR,523.284924313426,2,36.859,MP_CT17052024_HP_20_02_2_120mins_DDA01,13303,MP_CT17052024_HP_20_02_2_120mins_DDA01:13303,523.28546,0.0382200569134707,1.061919707926164,train
LGNEC[UNIMOD:4]ETYAELK,713.828930661082,2,40.462,MP_CT17052024_HP_20_02_2_120mins_DDA01,14792,MP_CT17052024_HP_20_02_2_120mins_DDA01:14792,713.82957,0.024515655764526773,0.9201629266464081,train
NVALSYASGVGGGR,654.341076657176,2,43.151,MP_CT17052024_HP_20_02_2_120mins_DDA01,15907,MP_CT17052024_HP_20_02_2_120mins_DDA01:15907,654.33876,0.023688035869539013,-3.5167548822957047,train
NSVSGTYGYFK,611.788708493114,2,43.86,MP_CT17052024_HP_20_02_2_120mins_DDA01,16195,MP_CT17052024_HP_20_02_2_120mins_DDA01:16195,611.79058,0.017980008920559887,3.0770539893215183,train
VGGANYQVPVEVR,694.368298336864,2,48.222,MP_CT17052024_HP_20_02_2_120mins_DDA01,18011,MP_CT17052024_HP_20_02_2_120mins_DDA01:18011,694.37006,0.023042468267267635,2.560115633627502,train
VKENEPFDVALR,472.921063229442,3,48.338,MP_CT17052024_HP_20_02_2_120mins_DDA01,18058,MP_CT17052024_HP_20_02_2_120mins_DDA01:18058,472.9209,0.029603259159519904,-0.3155483094424935,train
AAAEEAGLPLYR,630.83222655952,2,48.934,MP_CT17052024_HP_20_02_2_120mins_DDA01,18303,MP_CT17052024_HP_20_02_2_120mins_DDA01:18303,630.83278,0.023778092491487705,0.90109613335953,train
LLGATVVPVESGSK,678.890637204051,2,49.516,MP_CT17052024_HP_20_02_2_120mins_DDA01,18546,MP_CT17052024_HP_20_02_2_120mins_DDA01:18546,678.89029,0.02209488086184806,-0.48933367568613395,train
VEQAFELSDASAER,776.868725582957,2,49.84,MP_CT17052024_HP_20_02_2_120mins_DDA01,18681,MP_CT17052024_HP_20_02_2_120mins_DDA01:18681,776.36791,0.021252810430025273,-644.6379761023039,train
LMDIVDPTDK,573.789929196239,2,49.953,MP_CT17052024_HP_20_02_2_120mins_DDA01,18728,MP_CT17052024_HP_20_02_2_120mins_DDA01:18728,573.78919,0.02178500459196659,-1.2664848264053332,train
VGGATYQVPVEVRPVR,576.32490234077,3,51.235,MP_CT17052024_HP_20_02_2_120mins_DDA01,19265,MP_CT17052024_HP_20_02_2_120mins_DDA01:19265,576.32481,0.0173513267430553,-0.14287213621261272,train
VLVLC[UNIMOD:4]TPDAEAAAK,729.38886718452,2,52.301,MP_CT17052024_HP_20_02_2_120mins_DDA01,19711,MP_CT17052024_HP_20_02_2_120mins_DDA01:19711,729.38706,0.017823184259915657,-2.4598463189246433,train
LNNGETFTVGSELK,754.886181637645,2,53.416,MP_CT17052024_HP_20_02_2_120mins_DDA01,20184,MP_CT17052024_HP_20_02_2_120mins_DDA01:20184,754.8832,0.004636479076092309,-3.945147914066588,train
DADYALLVGSRPR,479.280773922801,3,53.638,MP_CT17052024_HP_20_02_2_120mins_DDA01,20278,MP_CT17052024_HP_20_02_2_120mins_DDA01:20278,478.25629,0.014636503869442298,-2137.529770735212,train
NQYYGITAGPAYR,737.359692379832,2,53.843,MP_CT17052024_HP_20_02_2_120mins_DDA01,20365,MP_CT17052024_HP_20_02_2_120mins_DDA01:20365,737.35969,0.019664758367685213,0.016437253377554632,train
GEAGDNVGLLLR,607.328137204051,2,54.059,MP_CT17052024_HP_20_02_2_120mins_DDA01,20457,MP_CT17052024_HP_20_02_2_120mins_DDA01:20457,607.3304,0.031284453984239236,3.7571056060289747,train
QPELINELQTK,656.859448239207,2,54.147,MP_CT17052024_HP_20_02_2_120mins_DDA01,20494,MP_CT17052024_HP_20_02_2_120mins_DDA01:20494,656.85899,0.02283595155760216,-0.6747854631670132,train
FVVQYATDSMTSQGK,831.394421383739,2,57.528,MP_CT17052024_HP_20_02_2_120mins_DDA01,21916,MP_CT17052024_HP_20_02_2_120mins_DDA01:21916,831.39561,0.014433561863169943,1.4440994913488372,train
GTFVINPEGQIK,651.856945797801,2,58.03,MP_CT17052024_HP_20_02_2_120mins_DDA01,22129,MP_CT17052024_HP_20_02_2_120mins_DDA01:22129,651.85625,0.023778248682450587,-1.0436305163887873,train
IIGAGM[UNIMOD:35]PVGAFGGK,645.847790524364,2,58.972,MP_CT17052024_HP_20_02_2_120mins_DDA01,22528,MP_CT17052024_HP_20_02_2_120mins_DDA01:22528,645.84737,0.033289599238049035,-0.6178303460277645,train
SVVSYGGVQAGYLEK,778.901257321239,2,59.516,MP_CT17052024_HP_20_02_2_120mins_DDA01,22758,MP_CT17052024_HP_20_02_2_120mins_DDA01:22758,778.90139,0.020541752993410222,0.19088268195967015,train
GTQFVSNASC[UNIMOD:4]TTNC[UNIMOD:4]LAPIAK,714.67841796577,3,60.171,MP_CT17052024_HP_20_02_2_120mins_DDA01,23036,MP_CT17052024_HP_20_02_2_120mins_DDA01:23036,714.01023,0.010737474513929856,-934.9384034923693,train
DADYALLVGSR,590.303723141551,2,61.353,MP_CT17052024_HP_20_02_2_120mins_DDA01,23536,MP_CT17052024_HP_20_02_2_120mins_DDA01:23536,590.30385,0.0338808565507267,0.24878455496627877,train
IVINQGLGMAVADK,715.401989743114,2,62.052,MP_CT17052024_HP_20_02_2_120mins_DDA01,23833,MP_CT17052024_HP_20_02_2_120mins_DDA01:23833,714.89759,0.0307736385824747,-705.0270342342624,train
VVGQLGQILGPR,618.875622555614,2,62.492,MP_CT17052024_HP_20_02_2_120mins_DDA01,24019,MP_CT17052024_HP_20_02_2_120mins_DDA01:24019,618.87478,0.028277125990409567,-1.333152549218413,train
VQDWNDDEIGAIR,765.861462399364,2,62.649,MP_CT17052024_HP_20_02_2_120mins_DDA01,24086,MP_CT17052024_HP_20_02_2_120mins_DDA01:24086,765.86279,0.028072913542221186,1.7615465748961017,train
EGYMSLLNTDQK,699.831677243114,2,63.54,MP_CT17052024_HP_20_02_2_120mins_DDA01,24463,MP_CT17052024_HP_20_02_2_120mins_DDA01:24463,699.83212,0.014289141193965814,0.6469511180424663,train
GGIVTWETQQTDYPR,876.421398922801,2,64.718,MP_CT17052024_HP_20_02_2_120mins_DDA01,24963,MP_CT17052024_HP_20_02_2_120mins_DDA01:24963,875.92338,0.009704045288835445,-568.231701568464,train
TAGSDVVVITSGIPR,735.878186032176,2,65.174,MP_CT17052024_HP_20_02_2_120mins_DDA01,25157,MP_CT17052024_HP_20_02_2_120mins_DDA01:25157,736.40938,0.012221462982013053,721.862636923971,train
GLSSAASAANAAIDHMR,548.605114743114,3,65.796,MP_CT17052024_HP_20_02_2_120mins_DDA01,25420,MP_CT17052024_HP_20_02_2_120mins_DDA01:25420,548.27038,0.015807285895665997,-610.1402765885962,train
AAVEEGVVAGGGVALIR,784.444165036082,2,66.068,MP_CT17052024_HP_20_02_2_120mins_DDA01,25536,MP_CT17052024_HP_20_02_2_120mins_DDA01:25536,784.44375,0.028682744938737008,-0.5004002827907559,train
FATSDLNDLYR,657.818798825145,2,66.335,MP_CT17052024_HP_20_02_2_120mins_DDA01,25649,MP_CT17052024_HP_20_02_2_120mins_DDA01:25649,657.81987,0.014441643301488274,1.6428154027998083,train
INIFEEAVNNNK,702.860485836864,2,66.499,MP_CT17052024_HP_20_02_2_120mins_DDA01,25718,MP_CT17052024_HP_20_02_2_120mins_DDA01:25718,702.85952,0.02774380861713398,-1.3464078335022163,train
MNIYVGNLSYR,665.333752438426,2,68.088,MP_CT17052024_HP_20_02_2_120mins_DDA01,26393,MP_CT17052024_HP_20_02_2_120mins_DDA01:26393,665.33463,0.025551052514380567,1.3445305769049365,train
LILVTAINPTPAGEGK,797.46796874702,2,68.9,MP_CT17052024_HP_20_02_2_120mins_DDA01,26736,MP_CT17052024_HP_20_02_2_120mins_DDA01:26736,797.46416,0.0056428867371233,-4.770407300556517,train
VVIVGC[UNIMOD:4]GAQGLNQGLNMR,943.987561032176,2,69.037,MP_CT17052024_HP_20_02_2_120mins_DDA01,26794,MP_CT17052024_HP_20_02_2_120mins_DDA01:26794,943.49039,0.016428360007287413,-526.654749171249,train
QGNALSWATSGGSGFR,798.376293942332,2,70.381,MP_CT17052024_HP_20_02_2_120mins_DDA01,27363,MP_CT17052024_HP_20_02_2_120mins_DDA01:27363,798.38169,0.01064653664802376,6.769436553836856,train
IVGTLGQILGPR,612.376293942332,2,70.433,MP_CT17052024_HP_20_02_2_120mins_DDA01,27385,MP_CT17052024_HP_20_02_2_120mins_DDA01:27385,612.37715,0.03021014094032641,1.4281376935222212,train
GFGFVEMPNDAEAQK,820.372998043895,2,70.953,MP_CT17052024_HP_20_02_2_120mins_DDA01,27606,MP_CT17052024_HP_20_02_2_120mins_DDA01:27606,820.37468,0.021941194075176973,2.072174619518941,train
QEGQIIYSNSFGGFK,838.411083981395,2,71.323,MP_CT17052024_HP_20_02_2_120mins_DDA01,27761,MP_CT17052024_HP_20_02_2_120mins_DDA01:27761,837.90974,0.026255811345673313,-597.9429315440748,train
DVQGSDPVSLIAYDK,804.401989743114,2,71.373,MP_CT17052024_HP_20_02_2_120mins_DDA01,27782,MP_CT17052024_HP_20_02_2_120mins_DDA01:27782,803.90158,0.027988500922865728,-622.0611702784206,train
LAELIEQISSSTSR,767.409008786082,2,72.644,MP_CT17052024_HP_20_02_2_120mins_DDA01,28319,MP_CT17052024_HP_20_02_2_120mins_DDA01:28319,767.40958,0.012379308773477994,0.7567202254116588,train
GVQMYEFLDR,629.301037594676,2,73.518,MP_CT17052024_HP_20_02_2_120mins_DDA01,28689,MP_CT17052024_HP_20_02_2_120mins_DDA01:28689,629.30026,0.021452398609781594,-1.2141957987791137,train
FTQAGSEVSALLGR,718.379528805614,2,73.641,MP_CT17052024_HP_20_02_2_120mins_DDA01,28741,MP_CT17052024_HP_20_02_2_120mins_DDA01:28741,718.38062,0.022272315539243037,1.5412387762997106,train
LAEALDTYIPTPER,794.914807125926,2,73.867,MP_CT17052024_HP_20_02_2_120mins_DDA01,28837,MP_CT17052024_HP_20_02_2_120mins_DDA01:28837,794.9145,0.005660986238748961,-0.38070233851977453,train
QFAEQLVNLTVK,695.390270993114,2,77.791,MP_CT17052024_HP_20_02_2_120mins_DDA01,30493,MP_CT17052024_HP_20_02_2_120mins_DDA01:30493,695.39046,0.017975512671375954,0.289775244808693,train
IDIGGISLIR,528.824780270457,2,80.376,MP_CT17052024_HP_20_02_2_120mins_DDA01,31575,MP_CT17052024_HP_20_02_2_120mins_DDA01:31575,528.82422,0.03971073802305601,-1.0197526234218808,train
VVVVEDLISTGGSSLK,801.951000973582,2,80.568,MP_CT17052024_HP_20_02_2_120mins_DDA01,31655,MP_CT17052024_HP_20_02_2_120mins_DDA01:31655,801.95108,0.013093067867240267,0.11163577053310421,train
ANIDTIFGLTTK,647.85859374702,2,81.095,MP_CT17052024_HP_20_02_2_120mins_DDA01,31874,MP_CT17052024_HP_20_02_2_120mins_DDA01:31874,647.35608,0.014675076555793257,-775.638776532404,train
DLVHAIPLYAIK,451.602642819285,3,81.608,MP_CT17052024_HP_20_02_2_120mins_DDA01,32087,MP_CT17052024_HP_20_02_2_120mins_DDA01:32087,451.60273,0.03469125769889734,0.22773866214608865,train
TNEQVILNTWYGGEMK,942.956311032176,2,84.062,MP_CT17052024_HP_20_02_2_120mins_DDA01,33115,MP_CT17052024_HP_20_02_2_120mins_DDA01:33115,941.95383,0.005308115778218358,-1063.1203380766008,train
EIWSYGSGYGGNALLGK,886.430126950145,2,84.364,MP_CT17052024_HP_20_02_2_120mins_DDA01,33240,MP_CT17052024_HP_20_02_2_120mins_DDA01:33240,886.43613,0.01579357990627769,6.787957304211252,train
AALQSALSTLVEER,744.40791015327,2,86.84,MP_CT17052024_HP_20_02_2_120mins_DDA01,34270,MP_CT17052024_HP_20_02_2_120mins_DDA01:34270,744.40684,0.014105190459704996,-1.4234846987734562,train
GAVVALPYGVEGFATPK,838.958752438426,2,87.359,MP_CT17052024_HP_20_02_2_120mins_DDA01,34486,MP_CT17052024_HP_20_02_2_120mins_DDA01:34486,838.45633,0.01729368556847949,-598.8470076337601,train
GNAYTTLFLDSQMVK,844.41816405952,2,89.858,MP_CT17052024_HP_20_02_2_120mins_DDA01,35530,MP_CT17052024_HP_20_02_2_120mins_DDA01:35530,844.42163,0.011250304124190971,4.115781289560903,train
GQVTELGAVNVMTGIYTGR,984.01386718452,2,91.524,MP_CT17052024_HP_20_02_2_120mins_DDA01,36223,MP_CT17052024_HP_20_02_2_120mins_DDA01:36223,983.50676,0.002541924392220599,-515.3430265887657,train
DVVILLDSITR,622.317211911082,2,94.359,MP_CT17052024_HP_20_02_2_120mins_DDA01,37401,MP_CT17052024_HP_20_02_2_120mins_DDA01:37401,622.36645,0.024904941482160037,79.14547111224837,train
ILAC[UNIMOD:4]FDPANMSLGIK,825.424755856395,2,95.163,MP_CT17052024_HP_20_02_2_120mins_DDA01,37738,MP_CT17052024_HP_20_02_2_120mins_DDA01:37738,825.42312,0.019989747684191452,-1.961846168974679,train
DWFVVDAAGQTLGR,768.386791989207,2,96.083,MP_CT17052024_HP_20_02_2_120mins_DDA01,38121,MP_CT17052024_HP_20_02_2_120mins_DDA01:38121,767.88607,0.020836424140259564,-651.6327381304202,train
SAQQLNEQLLGLLR,791.948803707957,2,96.761,MP_CT17052024_HP_20_02_2_120mins_DDA01,38407,MP_CT17052024_HP_20_02_2_120mins_DDA01:38407,791.9492,0.027148205830467786,0.5275493073684487,train
AEVPLSEMFGYSTSLR,893.799816891551,2,97.286,MP_CT17052024_HP_20_02_2_120mins_DDA01,38629,MP_CT17052024_HP_20_02_2_120mins_DDA01:38629,893.93764,0.019576309609985958,154.21865818720272,train
TTLTAALATVLSK,645.388012692332,2,97.515,MP_CT17052024_HP_20_02_2_120mins_DDA01,38726,MP_CT17052024_HP_20_02_2_120mins_DDA01:38726,645.38739,-0.006972556330539978,-0.9718066026259446,train
GTVAEAAALFSEAQM[UNIMOD:35]AR,870.423779293895,2,98.975,MP_CT17052024_HP_20_02_2_120mins_DDA01,39348,MP_CT17052024_HP_20_02_2_120mins_DDA01:39348,869.92507,0.014369053545723327,-572.9356271718945,train
VALSGLSIAEYFR,713.89082030952,2,99.695,MP_CT17052024_HP_20_02_2_120mins_DDA01,39654,MP_CT17052024_HP_20_02_2_120mins_DDA01:39654,713.39046,0.023128989037604686,-700.8688097473666,train
IINIC[UNIMOD:4]SMMSELGR,762.371166989207,2,100.61,MP_CT17052024_HP_20_02_2_120mins_DDA01,40045,MP_CT17052024_HP_20_02_2_120mins_DDA01:40045,762.37257,0.024922197754346818,1.8652473420834979,train
LQGQIESFDQYVVLLR,954.518139645457,2,101.44,MP_CT17052024_HP_20_02_2_120mins_DDA01,40397,MP_CT17052024_HP_20_02_2_120mins_DDA01:40397,954.51491,0.016762441220840356,-3.3667725352758096,train
SLLAELGLPFK,595.362683102489,2,103.03,MP_CT17052024_HP_20_02_2_120mins_DDA01,41075,MP_CT17052024_HP_20_02_2_120mins_DDA01:41075,594.35536,0.02355493198267823,-1691.9251593662138,train
DYVNPGSEILSAEMMLR,962.957531735301,2,103.18,MP_CT17052024_HP_20_02_2_120mins_DDA01,41136,MP_CT17052024_HP_20_02_2_120mins_DDA01:41136,962.96079,0.021807741580700223,3.4054094712858136,train
ELDLLFTGLDAAR,717.38496093452,2,103.19,MP_CT17052024_HP_20_02_2_120mins_DDA01,41143,MP_CT17052024_HP_20_02_2_120mins_DDA01:41143,717.38537,0.02369716582144122,0.5939147086201046,train
YYSVIYDLIDEVK,810.416760250926,2,104.83,MP_CT17052024_HP_20_02_2_120mins_DDA01,41837,MP_CT17052024_HP_20_02_2_120mins_DDA01:41837,810.4138,0.017892094162555522,-3.6348593346563747,train
VASEVALR,422.748425289989,2,13.451,MP_CT17052024_HP_24_01_1_120mins_DDA01,4048,MP_CT17052024_HP_24_01_1_120mins_DDA01:4048,422.74798,0.05204046169101075,-1.0012810541870238,train
VIGMGGALDSSR,580.806286618114,2,38.538,MP_CT17052024_HP_24_01_1_120mins_DDA01,13766,MP_CT17052024_HP_24_01_1_120mins_DDA01:13766,581.79788,0.03007917459695825,1707.3005315763708,train
VGYSGGDVPNATYR,728.346203610301,2,39.067,MP_CT17052024_HP_24_01_1_120mins_DDA01,13989,MP_CT17052024_HP_24_01_1_120mins_DDA01:13989,728.34678,0.018535126938790333,0.8099028951452046,train
DFHIVAETGIHAR,489.25556640327,3,44.76,MP_CT17052024_HP_24_01_1_120mins_DDA01,16352,MP_CT17052024_HP_24_01_1_120mins_DDA01:16352,489.2564,0.01158220240421936,1.7153885500212058,train
ALAAALAQIEK,549.829846188426,2,58.809,MP_CT17052024_HP_24_01_1_120mins_DDA01,22245,MP_CT17052024_HP_24_01_1_120mins_DDA01:22245,549.82951,0.025462438489960708,-0.5859784224981929,train
YFDDPSTITEEEVLR,907.431958004832,2,80.295,MP_CT17052024_HP_24_01_1_120mins_DDA01,31346,MP_CT17052024_HP_24_01_1_120mins_DDA01:31346,907.42816,0.01377519544098965,-4.1716679673293084,train
SFLEEDGLAQFEAR,806.385815426707,2,98.537,MP_CT17052024_HP_24_01_1_120mins_DDA01,39033,MP_CT17052024_HP_24_01_1_120mins_DDA01:39033,806.3861,0.024181964455501713,0.37708164901457586,train
HTPFHNK,440.72495727241,2,2.6196,MP_CT17052024_HP_24_01_2_120mins_DDA01,513,MP_CT17052024_HP_24_01_2_120mins_DDA01:513,440.72484,0.03857282007766825,-0.22751697722407196,train
GGM[UNIMOD:35]TSHAAVVAR,391.533215329051,3,3.0005,MP_CT17052024_HP_24_01_2_120mins_DDA01,712,MP_CT17052024_HP_24_01_2_120mins_DDA01:712,391.53287,0.03150012233249959,-0.8504916177624728,train
VEC[UNIMOD:4]NQGKPQVNYK,521.924450680614,3,9.4423,MP_CT17052024_HP_24_01_2_120mins_DDA01,2980,MP_CT17052024_HP_24_01_2_120mins_DDA01:2980,521.92432,0.019798528519647925,-0.230583718227599,train
SPALDSC[UNIMOD:4]PQR,565.766430661082,2,10.885,MP_CT17052024_HP_24_01_2_120mins_DDA01,3506,MP_CT17052024_HP_24_01_2_120mins_DDA01:3506,565.76658,0.030931484370015288,0.2948900977869848,train
VWHETSPAVGK,605.813854977489,2,15.414,MP_CT17052024_HP_24_01_2_120mins_DDA01,5161,MP_CT17052024_HP_24_01_2_120mins_DDA01:5161,605.81439,0.017332041304488437,0.9004787635323254,train
VMEAQGSQLTNK,653.326977536082,2,15.441,MP_CT17052024_HP_24_01_2_120mins_DDA01,5171,MP_CT17052024_HP_24_01_2_120mins_DDA01:5171,653.327,0.02295940635518734,0.05734328953458817,train
VAELLAR,386.240002438426,2,19.957,MP_CT17052024_HP_24_01_2_120mins_DDA01,6887,MP_CT17052024_HP_24_01_2_120mins_DDA01:6887,386.2398,0.03365784652522794,-0.4904681672250427,train
LAQEDPSFR,531.764050289989,2,21.995,MP_CT17052024_HP_24_01_2_120mins_DDA01,7722,MP_CT17052024_HP_24_01_2_120mins_DDA01:7722,531.76436,0.03855091004046585,0.6209709190816662,train
GYGHTLGNALR,386.872326657176,3,24.91,MP_CT17052024_HP_24_01_2_120mins_DDA01,8912,MP_CT17052024_HP_24_01_2_120mins_DDA01:8912,386.87199,0.035326069343630924,-0.8348762292724726,train
YTGAITTAGGTIHR,473.584057614207,3,27.349,MP_CT17052024_HP_24_01_2_120mins_DDA01,9842,MP_CT17052024_HP_24_01_2_120mins_DDA01:9842,473.5844,0.005630816210959228,0.7285981320570195,train
NALTTLPM[UNIMOD:35]GGGK,588.310498043895,2,28.676,MP_CT17052024_HP_24_01_2_120mins_DDA01,10392,MP_CT17052024_HP_24_01_2_120mins_DDA01:10392,588.30808,0.016997896898576108,-4.093151325524892,train
AGSSPANQPYLEPGK,758.375805661082,2,39.039,MP_CT17052024_HP_24_01_2_120mins_DDA01,14693,MP_CT17052024_HP_24_01_2_120mins_DDA01:14693,758.37554,0.019779119030942743,-0.3305235743184024,train
MGAEVFHNLAK,406.209698483348,3,39.886,MP_CT17052024_HP_24_01_2_120mins_DDA01,15045,MP_CT17052024_HP_24_01_2_120mins_DDA01:15045,406.20962,0.02625902039587182,-0.16694993150204845,train
AGENVGVLLR,514.298107907176,2,41.683,MP_CT17052024_HP_24_01_2_120mins_DDA01,15801,MP_CT17052024_HP_24_01_2_120mins_DDA01:15801,514.29837,0.03986013045068125,0.5494728052337483,train
YVASGMNPMDLK,663.31464843452,2,42.263,MP_CT17052024_HP_24_01_2_120mins_DDA01,16043,MP_CT17052024_HP_24_01_2_120mins_DDA01:16043,663.31505,0.024121267804196333,0.6295134307556426,train
VGAPVIGLNDSGGAR,691.874829098582,2,43.724,MP_CT17052024_HP_24_01_2_120mins_DDA01,16660,MP_CT17052024_HP_24_01_2_120mins_DDA01:16660,691.87296,0.03252042092575715,-2.668977833064552,train
SPMVGTFYR,529.260815426707,2,44.167,MP_CT17052024_HP_24_01_2_120mins_DDA01,16846,MP_CT17052024_HP_24_01_2_120mins_DDA01:16846,529.2604,0.029286151047215474,-0.755632564062126,train
AGVAIDSVEDMK,617.803845211864,2,47.707,MP_CT17052024_HP_24_01_2_120mins_DDA01,18336,MP_CT17052024_HP_24_01_2_120mins_DDA01:18336,617.80283,0.025088910860762034,-1.6181703490798882,train
IDQLSSDVQTLNAK,766.402844235301,2,50.076,MP_CT17052024_HP_24_01_2_120mins_DDA01,19331,MP_CT17052024_HP_24_01_2_120mins_DDA01:19331,766.40175,0.019571980312060405,-1.4081827973116992,train
IQQVGDISPTVVAGGM[UNIMOD:35]K,858.957104489207,2,50.823,MP_CT17052024_HP_24_01_2_120mins_DDA01,19646,MP_CT17052024_HP_24_01_2_120mins_DDA01:19646,858.45346,0.01863816830942789,-586.3255412579747,train
YEVDKESGALFVDR,543.604992672801,3,51.0,MP_CT17052024_HP_24_01_2_120mins_DDA01,19721,MP_CT17052024_HP_24_01_2_120mins_DDA01:19721,543.27026,0.021474885933540407,-615.7430683047759,train
LGEVHDGAATTDWMEQEQER,769.011181637645,3,56.916,MP_CT17052024_HP_24_01_2_120mins_DDA01,22233,MP_CT17052024_HP_24_01_2_120mins_DDA01:22233,768.00621,0.0030381701663791346,-1306.8331492544771,train
AGVAIDTVEDMK,624.813366696239,2,57.966,MP_CT17052024_HP_24_01_2_120mins_DDA01,22680,MP_CT17052024_HP_24_01_2_120mins_DDA01:22680,624.81065,0.026408000592155277,-4.321604470828196,train
GYNTAVGDEGGFAPNLK,855.409252926707,2,59.503,MP_CT17052024_HP_24_01_2_120mins_DDA01,23336,MP_CT17052024_HP_24_01_2_120mins_DDA01:23336,855.41011,0.014028358829781555,1.0159736874336616,train
FAQTFSTADDNQPAVTIK,977.985974118114,2,59.535,MP_CT17052024_HP_24_01_2_120mins_DDA01,23350,MP_CT17052024_HP_24_01_2_120mins_DDA01:23350,977.48126,0.007161262592723976,-516.0678491008861,train
IGSGLVTVMVR,566.331860348582,2,59.872,MP_CT17052024_HP_24_01_2_120mins_DDA01,23494,MP_CT17052024_HP_24_01_2_120mins_DDA01:23494,566.33136,0.02118900864573304,-0.8623010925759195,train
IVLNMGVGDAVSNAK,744.898327633739,2,60.839,MP_CT17052024_HP_24_01_2_120mins_DDA01,23903,MP_CT17052024_HP_24_01_2_120mins_DDA01:23903,744.39796,0.020822195874094708,-671.7052719506826,train
DALTNVMPHVEVR,494.257122799754,3,64.966,MP_CT17052024_HP_24_01_2_120mins_DDA01,25661,MP_CT17052024_HP_24_01_2_120mins_DDA01:25661,494.25741,0.015511485497628036,0.5965860663733449,train
IELLEPTSPESTIAK,815.018383786082,2,65.518,MP_CT17052024_HP_24_01_2_120mins_DDA01,25895,MP_CT17052024_HP_24_01_2_120mins_DDA01:25895,814.44309,0.004911331623659313,-705.8611161744658,train
AIVEGGEVIESLR,686.653210446239,2,66.21,MP_CT17052024_HP_24_01_2_120mins_DDA01,26188,MP_CT17052024_HP_24_01_2_120mins_DDA01:26188,686.37755,0.023310785674158313,-401.4318174669807,train
VGLNYVSC[UNIMOD:4]SPFR,699.844250485301,2,67.712,MP_CT17052024_HP_24_01_2_120mins_DDA01,26829,MP_CT17052024_HP_24_01_2_120mins_DDA01:26829,699.84536,0.027148854806605345,1.6125226409922826,train
GVTVNTVSPGYIGTDMVK,919.471630856395,2,69.017,MP_CT17052024_HP_24_01_2_120mins_DDA01,27383,MP_CT17052024_HP_24_01_2_120mins_DDA01:27383,919.47185,0.00706927573740566,0.2454057281275525,train
SLTNEQIIEAIGQK,772.420239254832,2,70.992,MP_CT17052024_HP_24_01_2_120mins_DDA01,28224,MP_CT17052024_HP_24_01_2_120mins_DDA01:28224,772.41994,0.023303385920558146,-0.36412152063790243,train
TVGVIEDDPITGLTK,779.421520993114,2,71.602,MP_CT17052024_HP_24_01_2_120mins_DDA01,28485,MP_CT17052024_HP_24_01_2_120mins_DDA01:28485,779.42215,0.010264014008474232,0.817281623260499,train
TENAISYTSPNFSGFK,882.42060546577,2,71.611,MP_CT17052024_HP_24_01_2_120mins_DDA01,28488,MP_CT17052024_HP_24_01_2_120mins_DDA01:28488,881.91777,0.005102516711018136,-569.8313963378121,train
YYGGC[UNIMOD:4]EVVDQSEQIAIDR,1051.976879879832,2,72.421,MP_CT17052024_HP_24_01_2_120mins_DDA01,28833,MP_CT17052024_HP_24_01_2_120mins_DDA01:28833,1051.4784,0.011412502812303695,-473.8391968165865,train
GYLSPYFINNPDK,764.376477047801,2,72.782,MP_CT17052024_HP_24_01_2_120mins_DDA01,28986,MP_CT17052024_HP_24_01_2_120mins_DDA01:28986,764.37755,0.02093206436176824,1.4246280881161253,train
AILDDLIAANK,578.83222655952,2,74.827,MP_CT17052024_HP_24_01_2_120mins_DDA01,29857,MP_CT17052024_HP_24_01_2_120mins_DDA01:29857,578.83225,0.022459011168051116,0.06295516791316974,train
IISDIFEYTSQK,723.039196774364,2,75.267,MP_CT17052024_HP_24_01_2_120mins_DDA01,30044,MP_CT17052024_HP_24_01_2_120mins_DDA01:30044,722.37193,0.02076492656049838,-922.8431561395738,train
VGENVTNFIFQK,698.868115231395,2,77.084,MP_CT17052024_HP_24_01_2_120mins_DDA01,30815,MP_CT17052024_HP_24_01_2_120mins_DDA01:30815,698.36698,0.02434250266352221,-717.0426300375601,train
AADVETLGDLVQFNK,810.419018551707,2,85.959,MP_CT17052024_HP_24_01_2_120mins_DDA01,34580,MP_CT17052024_HP_24_01_2_120mins_DDA01:34580,810.4174,0.0191259468656479,-1.9780529209821598,train
VLNNEIILVTC[UNIMOD:4]GSAFK,889.986645504832,2,86.028,MP_CT17052024_HP_24_01_2_120mins_DDA01,34609,MP_CT17052024_HP_24_01_2_120mins_DDA01:34609,889.47948,0.014053163024031529,-569.8433874187622,train
LADEFSNELNNLGVR,846.41865234077,2,86.299,MP_CT17052024_HP_24_01_2_120mins_DDA01,34725,MP_CT17052024_HP_24_01_2_120mins_DDA01:34725,845.92338,0.023051733134046553,-585.1156982427245,train
LLDLAAPDIIVR,654.898754879832,2,86.917,MP_CT17052024_HP_24_01_2_120mins_DDA01,34987,MP_CT17052024_HP_24_01_2_120mins_DDA01:34987,654.89792,0.026721721780182423,-1.2481010628559615,train
VIDLIC[UNIMOD:4]PFAK,588.328259274364,2,87.577,MP_CT17052024_HP_24_01_2_120mins_DDA01,35265,MP_CT17052024_HP_24_01_2_120mins_DDA01:35265,588.32828,0.03824395474193969,0.07347196978817859,train
LVVAYEPVWAIGTGK,801.951916500926,2,90.856,MP_CT17052024_HP_24_01_2_120mins_DDA01,36649,MP_CT17052024_HP_24_01_2_120mins_DDA01:36649,801.94814,0.018704451340368022,-4.690431993106426,train
TNDLAGDGTTTATVLAQAIVR,1044.554028317332,2,91.587,MP_CT17052024_HP_24_01_2_120mins_DDA01,36958,MP_CT17052024_HP_24_01_2_120mins_DDA01:36958,1044.5502,0.003829399694983206,-3.6611962887926146,train
AEDFQFLVGEGQMLK,856.419995114207,2,93.827,MP_CT17052024_HP_24_01_2_120mins_DDA01,37906,MP_CT17052024_HP_24_01_2_120mins_DDA01:37906,856.42163,0.02160150953933217,1.930578223829762,train
DNEVFTPIDLINAK,794.916333004832,2,94.89,MP_CT17052024_HP_24_01_2_120mins_DDA01,38355,MP_CT17052024_HP_24_01_2_120mins_DDA01:38355,794.9145,0.010063975551444563,-2.295845180426506,train
VDFNVPLDENFNITDDTR,1063.49433593452,2,96.093,MP_CT17052024_HP_24_01_2_120mins_DDA01,38864,MP_CT17052024_HP_24_01_2_120mins_DDA01:38864,1062.4976,0.04564716197766426,-937.1817045402613,train
AGDEVWFSVWSAK,741.359936520457,2,96.741,MP_CT17052024_HP_24_01_2_120mins_DDA01,39138,MP_CT17052024_HP_24_01_2_120mins_DDA01:39138,741.35662,0.018209859832972197,-4.455353323226132,train
GSDWLGDQDAIEFMC[UNIMOD:4]R,950.901501461864,2,97.293,MP_CT17052024_HP_24_01_2_120mins_DDA01,39373,MP_CT17052024_HP_24_01_2_120mins_DDA01:39373,950.40364,0.022095875033335242,-523.5457732462967,train
MGAEC[UNIMOD:4]IMDLLAR,690.326916500926,2,97.4,MP_CT17052024_HP_24_01_2_120mins_DDA01,39419,MP_CT17052024_HP_24_01_2_120mins_DDA01:39419,690.32763,0.030420338326407323,1.0639873029507174,train
VQLVGDDFFVTNTDYLAR,1037.520947262645,2,99.258,MP_CT17052024_HP_24_01_2_120mins_DDA01,40209,MP_CT17052024_HP_24_01_2_120mins_DDA01:40209,1037.018,0.020250371797468254,-484.7384180259748,train
DVLLFVDNIYR,683.873791500926,2,99.312,MP_CT17052024_HP_24_01_2_120mins_DDA01,40232,MP_CT17052024_HP_24_01_2_120mins_DDA01:40232,683.8719,0.028514112083872216,-2.737348541927944,train
GFGFITPQSGDDLFVHFK,671.669934079051,3,99.592,MP_CT17052024_HP_24_01_2_120mins_DDA01,40351,MP_CT17052024_HP_24_01_2_120mins_DDA01:40351,671.33526,0.01936439357371432,-498.25228444941456,train
GSFEENIQNLVNEVK,860.426159664989,2,100.97,MP_CT17052024_HP_24_01_2_120mins_DDA01,40938,MP_CT17052024_HP_24_01_2_120mins_DDA01:40938,860.43104,0.020338643306801397,5.692336240683177,train
GDLGVEIPVEEVIFAQK,921.995922848582,2,101.77,MP_CT17052024_HP_24_01_2_120mins_DDA01,41275,MP_CT17052024_HP_24_01_2_120mins_DDA01:41275,921.99602,0.015726749160935936,0.12109751829777056,train
DVLFFVDNIYR,700.863842770457,2,102.11,MP_CT17052024_HP_24_01_2_120mins_DDA01,41418,MP_CT17052024_HP_24_01_2_120mins_DDA01:41418,700.86408,0.020688747553212372,0.359170394536589,train
VNQIGTLTETFEAIEMAK,998.509167477489,2,102.16,MP_CT17052024_HP_24_01_2_120mins_DDA01,41440,MP_CT17052024_HP_24_01_2_120mins_DDA01:41440,998.0088,0.0030059856246884456,-501.1115508863827,train
VEVETPEDYMGDVIGDLNR,1076.49091796577,2,102.26,MP_CT17052024_HP_24_01_2_120mins_DDA01,41483,MP_CT17052024_HP_24_01_2_120mins_DDA01:41483,1075.9992,-0.026022324114466623,-456.8045652435197,train
VGDPVIEFDLPLLEEK,908.106945797801,2,103.54,MP_CT17052024_HP_24_01_2_120mins_DDA01,42028,MP_CT17052024_HP_24_01_2_120mins_DDA01:42028,906.98512,0.016538308642198896,-1235.3289477546841,train
GAEIDLGEDIIGYLR,817.926770016551,2,104.44,MP_CT17052024_HP_24_01_2_120mins_DDA01,42409,MP_CT17052024_HP_24_01_2_120mins_DDA01:42409,817.42523,0.0183503021580685,-613.1661597784006,train
ILFLEGLPNLQDLGK,835.481823727489,2,105.05,MP_CT17052024_HP_24_01_2_120mins_DDA01,42668,MP_CT17052024_HP_24_01_2_120mins_DDA01:42668,835.47981,0.015559921287463536,-2.394699001256883,train
ITTVQAAIDYITANQE,876.757275387645,2,105.69,MP_CT17052024_HP_24_01_2_120mins_DDA01,42941,MP_CT17052024_HP_24_01_2_120mins_DDA01:42941,875.94652,0.0102745999732541,-924.7101910691084,train
NPHGVNASPDGK,596.787976071239,2,2.8508,MP_CT17052024_HP_29_11_2_120mins_DDA01,624,MP_CT17052024_HP_29_11_2_120mins_DDA01:624,596.7889,0.030161418810829708,1.5783306614106052,train
GPVTGNNISHANNK,711.856457516551,2,3.9797,MP_CT17052024_HP_29_11_2_120mins_DDA01,1088,MP_CT17052024_HP_29_11_2_120mins_DDA01:1088,711.85785,0.011940586221508946,1.9680701554497742,train
VVAEVVAHGR,518.798352047801,2,9.8526,MP_CT17052024_HP_29_11_2_120mins_DDA01,3256,MP_CT17052024_HP_29_11_2_120mins_DDA01:3256,518.79854,0.03469554881214817,0.39697928538176247,train
DHTLFAK,416.221691891551,2,10.299,MP_CT17052024_HP_29_11_2_120mins_DDA01,3444,MP_CT17052024_HP_29_11_2_120mins_DDA01:3444,416.2216,0.038441060970311164,-0.1823344447680032,train
VDVQGTSIGK,502.274548336864,2,18.198,MP_CT17052024_HP_29_11_2_120mins_DDA01,6514,MP_CT17052024_HP_29_11_2_120mins_DDA01:6514,502.27456,0.03384603026097743,0.05706667018587954,train
YVVMSAPSK,491.257275387645,2,21.761,MP_CT17052024_HP_29_11_2_120mins_DDA01,7968,MP_CT17052024_HP_29_11_2_120mins_DDA01:7968,491.25733,0.03155169198364177,0.1427202374456239,train
VLVPTQEAVQK,606.780224606395,2,28.078,MP_CT17052024_HP_29_11_2_120mins_DDA01,10519,MP_CT17052024_HP_29_11_2_120mins_DDA01:10519,606.35335,0.014842830467213852,-703.4929437127563,train
ALTGSTEEEQFH,674.80390624702,2,28.602,MP_CT17052024_HP_29_11_2_120mins_DDA01,10736,MP_CT17052024_HP_29_11_2_120mins_DDA01:10736,674.80441,0.018523886260569625,0.7650414814233619,train
HPGESEYLQAVK,679.341320797801,2,28.762,MP_CT17052024_HP_29_11_2_120mins_DDA01,10799,MP_CT17052024_HP_29_11_2_120mins_DDA01:10799,679.34097,0.020608208263998964,-0.49577111025716225,train
GLSQGSGVAFDNEK,704.836682125926,2,30.359,MP_CT17052024_HP_29_11_2_120mins_DDA01,11475,MP_CT17052024_HP_29_11_2_120mins_DDA01:11475,704.83879,0.02128146221324663,3.011866618054402,train
AIDELNGATVQGR,672.348461911082,2,32.742,MP_CT17052024_HP_29_11_2_120mins_DDA01,12448,MP_CT17052024_HP_29_11_2_120mins_DDA01:12448,672.34932,0.023797153479093103,1.3000534209135801,train
IEHWVATGAAVSDR,504.59165649116,3,35.586,MP_CT17052024_HP_29_11_2_120mins_DDA01,13648,MP_CT17052024_HP_29_11_2_120mins_DDA01:13648,504.59156,0.010569604804153641,-0.18065662685870448,train
IGSDAYNQALSER,712.340832516551,2,39.888,MP_CT17052024_HP_29_11_2_120mins_DDA01,15459,MP_CT17052024_HP_29_11_2_120mins_DDA01:15459,712.34424,0.020355327110154548,4.803856935909102,train
C[UNIMOD:4]GSC[UNIMOD:4]ASVC[UNIMOD:4]PVSAISEGETK,1000.432873532176,2,43.633,MP_CT17052024_HP_29_11_2_120mins_DDA01,17034,MP_CT17052024_HP_29_11_2_120mins_DDA01:17034,999.93191,0.01100074912692256,-500.7357769114771,train
HFFLVGGC[UNIMOD:4]DGAK,436.545025631785,3,45.603,MP_CT17052024_HP_29_11_2_120mins_DDA01,17868,MP_CT17052024_HP_29_11_2_120mins_DDA01:17868,436.54489,0.02825215363807067,-0.2824415454163014,train
AVGESVQKPLLYYR,541.634350582957,3,47.742,MP_CT17052024_HP_29_11_2_120mins_DDA01,18758,MP_CT17052024_HP_29_11_2_120mins_DDA01:18758,541.63487,0.028924774988728058,0.9879057875531116,train
ADEINNQEVQPEFHIQR,689.666943356395,3,50.613,MP_CT17052024_HP_29_11_2_120mins_DDA01,19971,MP_CT17052024_HP_29_11_2_120mins_DDA01:19971,689.66785,0.021749600297904965,1.33636041860923,train
FQDVGSFDYGR,645.79121093452,2,52.879,MP_CT17052024_HP_29_11_2_120mins_DDA01,20931,MP_CT17052024_HP_29_11_2_120mins_DDA01:20931,645.79111,0.026324301610592203,-0.12997160477499248,train
FVVQYATDAM[UNIMOD:35]TTQGK,838.90302734077,2,55.201,MP_CT17052024_HP_29_11_2_120mins_DDA01,21919,MP_CT17052024_HP_29_11_2_120mins_DDA01:21919,838.40344,0.004174600978060267,-595.5203694445521,train
YGHAYVPLDEALSR,530.934338375926,3,55.276,MP_CT17052024_HP_29_11_2_120mins_DDA01,21951,MP_CT17052024_HP_29_11_2_120mins_DDA01:21951,530.93521,0.025740742916350354,1.6674203884038972,train
LIGPNC[UNIMOD:4]PGIITPGEC[UNIMOD:4]K,863.437329098582,2,56.471,MP_CT17052024_HP_29_11_2_120mins_DDA01,22460,MP_CT17052024_HP_29_11_2_120mins_DDA01:22460,863.43676,0.01331886763093324,-0.6457892927319471,train
VAELATAELGEAYR,747.387524411082,2,59.573,MP_CT17052024_HP_29_11_2_120mins_DDA01,23782,MP_CT17052024_HP_29_11_2_120mins_DDA01:23782,746.88574,0.015397268165554626,-671.3691287225307,train
AGDAGIFFVDSK,613.806774899364,2,61.103,MP_CT17052024_HP_29_11_2_120mins_DDA01,24434,MP_CT17052024_HP_29_11_2_120mins_DDA01:24434,613.80623,0.025252268973727555,-0.8624853709277456,train
DTDYALLVGAR,597.296887204051,2,61.282,MP_CT17052024_HP_29_11_2_120mins_DDA01,24510,MP_CT17052024_HP_29_11_2_120mins_DDA01:24510,597.31168,0.018415846289686663,24.78465276855655,train
GTLIDGTEFDSSYK,766.857922360301,2,62.168,MP_CT17052024_HP_29_11_2_120mins_DDA01,24888,MP_CT17052024_HP_29_11_2_120mins_DDA01:24888,766.85939,0.0058680904629148335,1.919703319600775,train
NLQAAFAGESQAFQK,805.401318356395,2,63.585,MP_CT17052024_HP_29_11_2_120mins_DDA01,25492,MP_CT17052024_HP_29_11_2_120mins_DDA01:25492,805.40209,0.018003429981068558,0.9760892951937215,train
LDAVVVDEVVGR,635.853405758739,2,63.935,MP_CT17052024_HP_29_11_2_120mins_DDA01,25641,MP_CT17052024_HP_29_11_2_120mins_DDA01:25641,635.85371,0.026735709493251148,0.5052127710051993,train
DVSFEAPNTPHIFQK,865.933850094676,2,64.562,MP_CT17052024_HP_29_11_2_120mins_DDA01,25907,MP_CT17052024_HP_29_11_2_120mins_DDA01:25907,865.43084,0.019643395272077393,-580.8678048802036,train
AGDC[UNIMOD:4]AILFMDAK,656.306164547801,2,64.842,MP_CT17052024_HP_29_11_2_120mins_DDA01,26026,MP_CT17052024_HP_29_11_2_120mins_DDA01:26026,656.30722,0.03275904842637742,1.6409295801086756,train
TATVSPDGTILYIDGK,825.933422848582,2,65.166,MP_CT17052024_HP_29_11_2_120mins_DDA01,26164,MP_CT17052024_HP_29_11_2_120mins_DDA01:26164,825.93289,0.0,-0.6451471356608374,train
IQNLTIGYDFK,656.352001950145,2,66.982,MP_CT17052024_HP_29_11_2_120mins_DDA01,26938,MP_CT17052024_HP_29_11_2_120mins_DDA01:26938,656.3508,0.024377208153461106,-1.8068812791746947,train
VLESAIANAEHNDGADIDELK,742.029370114207,3,67.573,MP_CT17052024_HP_29_11_2_120mins_DDA01,27190,MP_CT17052024_HP_29_11_2_120mins_DDA01:27190,742.02912,0.010332029504444559,-0.32673577355519406,train
VISVVPSLDTGVC[UNIMOD:4]DAQTR,959.490612789989,2,68.806,MP_CT17052024_HP_29_11_2_120mins_DDA01,27716,MP_CT17052024_HP_29_11_2_120mins_DDA01:27716,958.99094,0.00938486444645367,-520.7594356093374,train
ILVTLLHEMQK,663.013256832957,2,69.722,MP_CT17052024_HP_29_11_2_120mins_DDA01,28106,MP_CT17052024_HP_29_11_2_120mins_DDA01:28106,662.8865,0.01734836980613657,-191.1656089085958,train
NTVLFPYETLK,662.824475094676,2,71.606,MP_CT17052024_HP_29_11_2_120mins_DDA01,28910,MP_CT17052024_HP_29_11_2_120mins_DDA01:28910,662.861,0.018103343058936565,55.12304795147583,train
SGETEDATIADIAVATNSGQIK,1096.039624020457,2,73.689,MP_CT17052024_HP_29_11_2_120mins_DDA01,29796,MP_CT17052024_HP_29_11_2_120mins_DDA01:29796,1096.0399,-0.02372176408391365,0.2280752789730462,train
LFVVDTFC[UNIMOD:4]GANPATR,834.912243649364,2,74.013,MP_CT17052024_HP_29_11_2_120mins_DDA01,29934,MP_CT17052024_HP_29_11_2_120mins_DDA01:29934,834.41414,0.010786010861797217,-596.583237523109,train
VVSWYDNEWGYSNK,872.943249508739,2,74.143,MP_CT17052024_HP_29_11_2_120mins_DDA01,29988,MP_CT17052024_HP_29_11_2_120mins_DDA01:29988,873.89155,0.021169674898602015,1086.3466689212266,train
ELTNYADYGLEFR,795.87470702827,2,78.642,MP_CT17052024_HP_29_11_2_120mins_DDA01,31899,MP_CT17052024_HP_29_11_2_120mins_DDA01:31899,795.87537,0.016962454698242962,0.8499726450852562,train
FNDLNIGEIGGIPR,758.904797360301,2,78.893,MP_CT17052024_HP_29_11_2_120mins_DDA01,32005,MP_CT17052024_HP_29_11_2_120mins_DDA01:32005,757.90172,0.025728929613209814,-1321.7176433592092,train
DSLDQIFATEYK,715.84687499702,2,79.425,MP_CT17052024_HP_29_11_2_120mins_DDA01,32231,MP_CT17052024_HP_29_11_2_120mins_DDA01:32231,715.34591,0.024463689358826424,-699.7970020082167,train
FADVLLMQSELK,697.374096676707,2,81.076,MP_CT17052024_HP_29_11_2_120mins_DDA01,32929,MP_CT17052024_HP_29_11_2_120mins_DDA01:32929,697.37342,0.025811135667537156,-0.9445098552048878,train
TYATLGEIC[UNIMOD:4]NVLR,755.38251952827,2,81.597,MP_CT17052024_HP_29_11_2_120mins_DDA01,33150,MP_CT17052024_HP_29_11_2_120mins_DDA01:33150,755.39013,0.016547740735352146,10.091538436433279,train
STLPAGTDVDAWTLGGSYR,983.976391598582,2,83.105,MP_CT17052024_HP_29_11_2_120mins_DDA01,33788,MP_CT17052024_HP_29_11_2_120mins_DDA01:33788,983.97889,0.0015244228861144016,2.5406111764694943,train
FGGYAQSGLLAEITPDK,883.955029293895,2,83.513,MP_CT17052024_HP_29_11_2_120mins_DDA01,33961,MP_CT17052024_HP_29_11_2_120mins_DDA01:33961,883.95161,0.014706687614440604,-3.8534696697883857,train
TSAEQIDYLEELVNK,876.94794921577,2,89.592,MP_CT17052024_HP_29_11_2_120mins_DDA01,36532,MP_CT17052024_HP_29_11_2_120mins_DDA01:36532,876.43853,0.016544229314330163,-580.8836387900867,train
ALAINLVDPAAAPVVIEK,903.038098141551,2,90.01,MP_CT17052024_HP_29_11_2_120mins_DDA01,36709,MP_CT17052024_HP_29_11_2_120mins_DDA01:36709,902.53257,0.018835885539790327,-559.7893849564144,train
GM[UNIMOD:35]GDVLVIGGGVIPDADIPGLK,1055.57148437202,2,99.253,MP_CT17052024_HP_29_11_2_120mins_DDA01,40615,MP_CT17052024_HP_29_11_2_120mins_DDA01:40615,1055.0666,0.06255529277558372,-478.2417671316244,train
WLEFANQDLADYIK,863.421215817332,2,99.758,MP_CT17052024_HP_29_11_2_120mins_DDA01,40829,MP_CT17052024_HP_29_11_2_120mins_DDA01:40829,863.42777,0.020268053241628038,7.611212867593155,train
VPTLDVSVVDLTVNLAK,892.013195797801,2,100.49,MP_CT17052024_HP_29_11_2_120mins_DDA01,41140,MP_CT17052024_HP_29_11_2_120mins_DDA01:41140,892.01421,0.008968466843274956,1.1459496380906717,train
DLLSEYDFPGDDLPVIQGSALK,1197.101147457957,2,103.65,MP_CT17052024_HP_29_11_2_120mins_DDA01,42483,MP_CT17052024_HP_29_11_2_120mins_DDA01:42483,1196.5996,-0.016296177752555638,-418.984610466616,train
VADQISDAILDAILAQDK,950.008374020457,2,104.56,MP_CT17052024_HP_29_11_2_120mins_DDA01,42872,MP_CT17052024_HP_29_11_2_120mins_DDA01:42872,950.00711,0.021578785873598245,-1.308957363987434,train
C[UNIMOD:4]DM[UNIMOD:35]VDDEELLELVEM[UNIMOD:35]EVR,752.663952633739,3,104.79,MP_CT17052024_HP_29_11_2_120mins_DDA01,42967,MP_CT17052024_HP_29_11_2_120mins_DDA01:42967,752.66206,0.01594341005579061,-2.4986366525711423,train
C[UNIMOD:4]DM[UNIMOD:35]VDDEELLELVEM[UNIMOD:35]EVR,1128.483837887645,2,104.79,MP_CT17052024_HP_29_11_2_120mins_DDA01,42969,MP_CT17052024_HP_29_11_2_120mins_DDA01:42969,1128.4895,-0.026584208494302305,4.99086665282061,train
DQPVILQLLEIPDEK,875.986279293895,2,105.38,MP_CT17052024_HP_29_11_2_120mins_DDA01,43201,MP_CT17052024_HP_29_11_2_120mins_DDA01:43201,875.48528,0.02570003258925159,-571.9002748520223,train
DLIVDMTQFFK,678.845043942332,2,105.85,MP_CT17052024_HP_29_11_2_120mins_DDA01,43352,MP_CT17052024_HP_29_11_2_120mins_DDA01:43352,678.84704,0.01767703103938788,2.9580501265616688,train
GAHGGGAFSGK,473.230786129832,2,2.6505,MP_CT17052024_HP_31_01_1_120mins_DDA01,511,MP_CT17052024_HP_31_01_1_120mins_DDA01:511,473.23049,0.039093000861571685,-0.5866689999735417,train
QIVANAGK,400.735089108348,2,2.9157,MP_CT17052024_HP_31_01_1_120mins_DDA01,643,MP_CT17052024_HP_31_01_1_120mins_DDA01:643,400.73488,0.037431231389122056,-0.48438071256455795,train
KGM[UNIMOD:35]ELIQEM[UNIMOD:35]K,619.809643551707,2,15.972,MP_CT17052024_HP_31_01_1_120mins_DDA01,5426,MP_CT17052024_HP_31_01_1_120mins_DDA01:5426,619.8096,0.027427777934975455,-0.04283848629981506,train
NIGISAHIDAGK,598.324047848582,2,28.499,MP_CT17052024_HP_31_01_1_120mins_DDA01,10469,MP_CT17052024_HP_31_01_1_120mins_DDA01:10469,598.32512,0.02757698024643345,1.8195013586018862,train
GLMTTVHAATATQK,477.589154049754,3,32.696,MP_CT17052024_HP_31_01_1_120mins_DDA01,12219,MP_CT17052024_HP_31_01_1_120mins_DDA01:12219,477.25378,-0.0069844043597955255,-702.2298983205325,train
TIYVEQGTTLK,627.661145016551,2,34.222,MP_CT17052024_HP_31_01_1_120mins_DDA01,12848,MP_CT17052024_HP_31_01_1_120mins_DDA01:12848,626.84281,0.008774129764117565,-1303.7759674119966,train
VC[UNIMOD:4]YYSDPTGAYPTLK,868.89667968452,2,63.658,MP_CT17052024_HP_31_01_1_120mins_DDA01,25316,MP_CT17052024_HP_31_01_1_120mins_DDA01:25316,867.90581,0.014978584001949468,-1140.3619183810229,train
LLTQLFGDR,531.80146484077,2,64.627,MP_CT17052024_HP_31_01_1_120mins_DDA01,25729,MP_CT17052024_HP_31_01_1_120mins_DDA01:25729,531.80075,0.02256484234629182,-1.3216224782843604,train
LNEVVASTMVGGATLTK,846.749645993114,2,64.636,MP_CT17052024_HP_31_01_1_120mins_DDA01,25733,MP_CT17052024_HP_31_01_1_120mins_DDA01:25733,845.95584,0.0023641894608395254,-937.4718925132921,train
IVILGAGESGAGAAVLAK,798.969677731395,2,68.359,MP_CT17052024_HP_31_01_1_120mins_DDA01,27322,MP_CT17052024_HP_31_01_1_120mins_DDA01:27322,798.9696,0.028787077825761356,-0.0685024681799143,train
LEEMAGTIQNDILK,787.908337399364,2,72.561,MP_CT17052024_HP_31_01_1_120mins_DDA01,29115,MP_CT17052024_HP_31_01_1_120mins_DDA01:29115,787.90836,0.011422648302607199,0.04010699548985942,train
AAVEEGIVAGGGVALLR,790.872998043895,2,74.827,MP_CT17052024_HP_31_01_1_120mins_DDA01,30081,MP_CT17052024_HP_31_01_1_120mins_DDA01:30081,791.45158,0.02211127055006974,731.5959168363712,train
IIDFVLSNC[UNIMOD:4]INSGIR,860.953686520457,2,89.783,MP_CT17052024_HP_31_01_1_120mins_DDA01,36407,MP_CT17052024_HP_31_01_1_120mins_DDA01:36407,860.95617,0.021487737038648244,2.9060559028406505,train
SGQYDAIVALGTVIR,782.435864254832,2,91.933,MP_CT17052024_HP_31_01_1_120mins_DDA01,37310,MP_CT17052024_HP_31_01_1_120mins_DDA01:37310,781.93048,0.017264961998615522,-645.8941594060602,train
FSWISTGGGASMELLEGK,935.459484860301,2,98.816,MP_CT17052024_HP_31_01_1_120mins_DDA01,40216,MP_CT17052024_HP_31_01_1_120mins_DDA01:40216,935.4562,0.015500458514502805,-3.49599352399408,train
YDLC[UNIMOD:4]VFDVMMPK,759.963330075145,2,101.09,MP_CT17052024_HP_31_01_1_120mins_DDA01,41181,MP_CT17052024_HP_31_01_1_120mins_DDA01:41181,759.34549,0.025680010304151082,-812.9610346907882,train
TVPMFDDAMNFISSVAAK,972.462414547801,2,109.61,MP_CT17052024_HP_31_01_1_120mins_DDA01,44382,MP_CT17052024_HP_31_01_1_120mins_DDA01:44382,972.46571,0.015424708588956127,3.4041955242616466,train
NESC[UNIMOD:4]GGHFR,532.221447750926,2,2.9643,MP_CT17052024_HP_31_01_2_120mins_DDA01,660,MP_CT17052024_HP_31_01_2_120mins_DDA01:660,532.22234,0.03194153794965834,1.7084036690486626,train
HAVTEVSPMAK,585.303601071239,2,12.485,MP_CT17052024_HP_31_01_2_120mins_DDA01,4111,MP_CT17052024_HP_31_01_2_120mins_DDA01:4111,585.3028,0.01964794979249836,-1.3489943295276656,train
LMSQALR,409.731945797801,2,14.8,MP_CT17052024_HP_31_01_2_120mins_DDA01,5030,MP_CT17052024_HP_31_01_2_120mins_DDA01:5030,409.73128,0.04393123194721904,-1.5810282984699395,train
VEANVGKPQVAYR,477.596447750926,3,22.816,MP_CT17052024_HP_31_01_2_120mins_DDA01,8262,MP_CT17052024_HP_31_01_2_120mins_DDA01:8262,477.59653,0.0258237500508672,0.1980383393059944,train
MQASTGQLAQTHTLK,808.41962890327,2,24.773,MP_CT17052024_HP_31_01_2_120mins_DDA01,9080,MP_CT17052024_HP_31_01_2_120mins_DDA01:9080,807.91705,0.0024755016557089435,-621.6782538442269,train
NTVSQMVYK,535.270886227489,2,26.652,MP_CT17052024_HP_31_01_2_120mins_DDA01,9851,MP_CT17052024_HP_31_01_2_120mins_DDA01:9851,535.27097,0.01868212671507155,0.17518701943745082,train
VVITAPGGNDVK,585.330456539989,2,28.331,MP_CT17052024_HP_31_01_2_120mins_DDA01,10526,MP_CT17052024_HP_31_01_2_120mins_DDA01:10526,585.32987,0.02306391782595888,-0.9790025147658019,train
YMAQGAVEYAK,616.29902343452,2,31.82,MP_CT17052024_HP_31_01_2_120mins_DDA01,12000,MP_CT17052024_HP_31_01_2_120mins_DDA01:12000,615.79481,0.02354680471230551,-818.1076317630201,train
YIVANTTGLQK,604.301647946239,2,32.717,MP_CT17052024_HP_31_01_2_120mins_DDA01,12377,MP_CT17052024_HP_31_01_2_120mins_DDA01:12377,604.3377,0.007446168192334929,59.66648259816617,train
THNQGVFDVYTK,705.347668454051,2,34.296,MP_CT17052024_HP_31_01_2_120mins_DDA01,13051,MP_CT17052024_HP_31_01_2_120mins_DDA01:13051,704.84642,0.0070937438929975895,-710.6331763308533,train
MGAPC[UNIMOD:4]IGINDSGGAR,738.340405270457,2,44.447,MP_CT17052024_HP_31_01_2_120mins_DDA01,17372,MP_CT17052024_HP_31_01_2_120mins_DDA01:17372,738.34012,0.02099303520360849,-0.3653740944245601,train
LGIHGSPTC[UNIMOD:4]ELVYK,525.273754879832,3,49.697,MP_CT17052024_HP_31_01_2_120mins_DDA01,19602,MP_CT17052024_HP_31_01_2_120mins_DDA01:19602,525.27295,0.012691814348181814,-1.5196136449314268,train
LSGSVTVGETPVIR,707.899731442332,2,50.146,MP_CT17052024_HP_31_01_2_120mins_DDA01,19796,MP_CT17052024_HP_31_01_2_120mins_DDA01:19796,707.89865,0.009888421310047048,-1.5177888678953708,train
SGLLVPVTPNAATK,683.342114254832,2,51.04,MP_CT17052024_HP_31_01_2_120mins_DDA01,20176,MP_CT17052024_HP_31_01_2_120mins_DDA01:20176,684.39828,0.01899478777308586,1545.607570696528,train
YSTATWSGDIATR,714.841809079051,2,51.481,MP_CT17052024_HP_31_01_2_120mins_DDA01,20365,MP_CT17052024_HP_31_01_2_120mins_DDA01:20365,714.84133,0.006994559339571274,-0.6631943528270163,train
LEFIINR,452.766613766551,2,54.253,MP_CT17052024_HP_31_01_2_120mins_DDA01,21547,MP_CT17052024_HP_31_01_2_120mins_DDA01:21547,452.76618,0.032025360117204464,-0.9260103070468468,train
IELAC[UNIMOD:4]SNFGGVNNPR,824.399243161082,2,55.854,MP_CT17052024_HP_31_01_2_120mins_DDA01,22232,MP_CT17052024_HP_31_01_2_120mins_DDA01:22232,824.39902,0.021834087173273457,-0.2488613177700903,train
IGEAGEFDYSGSQALK,836.397045895457,2,58.481,MP_CT17052024_HP_31_01_2_120mins_DDA01,23349,MP_CT17052024_HP_31_01_2_120mins_DDA01:23349,836.39667,0.017336271819726922,-0.43208600367706973,train
YIDYKDPEFLK,716.654248043895,2,58.503,MP_CT17052024_HP_31_01_2_120mins_DDA01,23358,MP_CT17052024_HP_31_01_2_120mins_DDA01:23358,715.86374,0.028636734860705098,-1103.0249887620173,train
IISYGTSSYGYDIR,797.889599606395,2,63.411,MP_CT17052024_HP_31_01_2_120mins_DDA01,25455,MP_CT17052024_HP_31_01_2_120mins_DDA01:25455,797.89102,0.01691960391126998,1.7971077775181896,train
EIGFM[UNIMOD:35]FGQYK,618.290905758739,2,64.834,MP_CT17052024_HP_31_01_2_120mins_DDA01,26063,MP_CT17052024_HP_31_01_2_120mins_DDA01:26063,618.2919,0.028303783395286535,1.6363515162069273,train
VFNFC[UNIMOD:4]IQDSPR,692.029614254832,2,66.568,MP_CT17052024_HP_31_01_2_120mins_DDA01,26802,MP_CT17052024_HP_31_01_2_120mins_DDA01:26802,691.82971,0.027463405793481242,-288.83916340376715,train
VYSGVLNSGSYVLNTSK,894.969738766551,2,67.03,MP_CT17052024_HP_31_01_2_120mins_DDA01,26999,MP_CT17052024_HP_31_01_2_120mins_DDA01:26999,894.46234,0.015092865757499855,-566.9300810664662,train
INLLDDNSFTR,654.797009274364,2,68.273,MP_CT17052024_HP_31_01_2_120mins_DDA01,27530,MP_CT17052024_HP_31_01_2_120mins_DDA01:27530,654.33314,0.020631692325348516,-708.3962934986982,train
SLTEIWLGGDHYK,506.923870846629,3,69.826,MP_CT17052024_HP_31_01_2_120mins_DDA01,28193,MP_CT17052024_HP_31_01_2_120mins_DDA01:28193,506.92442,0.025644848642370738,1.1089502850018094,train
EFIVFVGPSGC[UNIMOD:4]GK,698.845532223582,2,70.841,MP_CT17052024_HP_31_01_2_120mins_DDA01,28627,MP_CT17052024_HP_31_01_2_120mins_DDA01:28627,698.85011,0.029333901254981174,6.57981800845175,train
ISNITLGYDFAK,671.35712890327,2,71.557,MP_CT17052024_HP_31_01_2_120mins_DDA01,28933,MP_CT17052024_HP_31_01_2_120mins_DDA01:28933,671.35608,0.026811405458994585,-1.5355512372245794,train
EVVNPAFIDLESR,744.890148922801,2,74.079,MP_CT17052024_HP_31_01_2_120mins_DDA01,30008,MP_CT17052024_HP_31_01_2_120mins_DDA01:30008,744.88828,0.0234934561278733,-2.4854977657577426,train
EAGADYVGLDEYIEK,836.891735836864,2,74.193,MP_CT17052024_HP_31_01_2_120mins_DDA01,30057,MP_CT17052024_HP_31_01_2_120mins_DDA01:30057,836.39105,0.0215210339492849,-598.2468405703507,train
TLDSAVAGDNVGALLR,786.421765133739,2,75.031,MP_CT17052024_HP_31_01_2_120mins_DDA01,30414,MP_CT17052024_HP_31_01_2_120mins_DDA01:30414,786.42302,0.015258963116334102,1.6109247187727413,train
LMAEGYGFGAEGDWK,815.863781735301,2,76.259,MP_CT17052024_HP_31_01_2_120mins_DDA01,30937,MP_CT17052024_HP_31_01_2_120mins_DDA01:30937,815.86395,0.02022396015314186,0.2264651320220777,train
VGGGDSFSGGIIHGLLTK,572.309216305614,3,80.816,MP_CT17052024_HP_31_01_2_120mins_DDA01,32875,MP_CT17052024_HP_31_01_2_120mins_DDA01:32875,572.30894,0.011648720094840649,-0.47114206731874514,train
DAGFEVIYTGLR,671.346691891551,2,80.825,MP_CT17052024_HP_31_01_2_120mins_DDA01,32879,MP_CT17052024_HP_31_01_2_120mins_DDA01:32879,670.84588,0.026831796400450737,-745.9542105435472,train
MDEVIFEEFK,643.802197262645,2,82.138,MP_CT17052024_HP_31_01_2_120mins_DDA01,33436,MP_CT17052024_HP_31_01_2_120mins_DDA01:33436,643.8023,0.021745806425399652,0.18132487841584718,train
LGVNWTGGNLLAGATSK,830.448315426707,2,83.582,MP_CT17052024_HP_31_01_2_120mins_DDA01,34050,MP_CT17052024_HP_31_01_2_120mins_DDA01:34050,829.94666,0.012048967205240955,-604.065800831014,train
FYIPTAPYNTLGGVDGNTNK,1072.03144530952,2,85.748,MP_CT17052024_HP_31_01_2_120mins_DDA01,34968,MP_CT17052024_HP_31_01_2_120mins_DDA01:34968,1071.5287,0.045262436573752854,-468.9198359988057,train
IIYGALELIEK,631.374829098582,2,86.157,MP_CT17052024_HP_31_01_2_120mins_DDA01,35142,MP_CT17052024_HP_31_01_2_120mins_DDA01:35142,631.37375,0.02217387116906123,-1.6869512891356369,train
VVVAEQNLGQFAGYLR,882.979138180614,2,89.676,MP_CT17052024_HP_31_01_2_120mins_DDA01,36635,MP_CT17052024_HP_31_01_2_120mins_DDA01:36635,882.47559,0.015864461563566006,-570.267358356189,train
AIAPTFGGINLEDIK,779.928479000926,2,90.92,MP_CT17052024_HP_31_01_2_120mins_DDA01,37162,MP_CT17052024_HP_31_01_2_120mins_DDA01:37162,779.92741,0.011539535571604058,-1.3591001668200262,train
LMVTGGVEPTQENLTSWIK,1053.048413082957,2,95.427,MP_CT17052024_HP_31_01_2_120mins_DDA01,39074,MP_CT17052024_HP_31_01_2_120mins_DDA01:39074,1052.0432,-0.021862220159416856,-954.5962659153029,train
YIGIPTTSGTGSEVTPFAVISDK,1171.10371093452,2,97.269,MP_CT17052024_HP_31_01_2_120mins_DDA01,39858,MP_CT17052024_HP_31_01_2_120mins_DDA01:39858,1170.6021,0.005125567419408743,-428.3181154977935,train
DLVVDMSDFIEK,705.844067379832,2,99.291,MP_CT17052024_HP_31_01_2_120mins_DDA01,40720,MP_CT17052024_HP_31_01_2_120mins_DDA01:40720,705.84469,0.028334845252135695,0.9104279510663453,train
GDMGIEVPFEMVPVYQK,970.472180172801,2,100.27,MP_CT17052024_HP_31_01_2_120mins_DDA01,41137,MP_CT17052024_HP_31_01_2_120mins_DDA01:41137,969.97063,0.01907274256729015,-516.7913960311192,train
GVSLGSDAFFPFGDNIER,964.460400387645,2,100.36,MP_CT17052024_HP_31_01_2_120mins_DDA01,41173,MP_CT17052024_HP_31_01_2_120mins_DDA01:41173,964.46287,0.02021850762790258,2.5808341678423896,train
LAIEGGC[UNIMOD:4]NAVASTFGVLGAVAR,1067.060986325145,2,100.61,MP_CT17052024_HP_31_01_2_120mins_DDA01,41281,MP_CT17052024_HP_31_01_2_120mins_DDA01:41281,1067.0597,0.0018743093708350953,-1.2036098793214618,train
GATVEFGDDIVAFIPTR,905.432080075145,2,100.91,MP_CT17052024_HP_31_01_2_120mins_DDA01,41409,MP_CT17052024_HP_31_01_2_120mins_DDA01:41409,904.46488,0.01437313958191296,-1068.2050000534155,train
AEGTGMLTAGVSYIFGGK,880.440502926707,2,100.91,MP_CT17052024_HP_31_01_2_120mins_DDA01,41412,MP_CT17052024_HP_31_01_2_120mins_DDA01:41412,879.94019,0.007955086109121462,-568.2450149032692,train
SLMQLAEDMGIK,668.335705563426,2,101.15,MP_CT17052024_HP_31_01_2_120mins_DDA01,41511,MP_CT17052024_HP_31_01_2_120mins_DDA01:41511,668.33598,0.027680688401865494,0.4383075324323149,train
NTSYEIFYAALETVK,874.938000485301,2,102.49,MP_CT17052024_HP_31_01_2_120mins_DDA01,42081,MP_CT17052024_HP_31_01_2_120mins_DDA01:42081,874.94071,0.010286411396909423,3.107094099847785,train
INQIGTLTETFAAIEMAK,976.52167968452,2,102.67,MP_CT17052024_HP_31_01_2_120mins_DDA01,42159,MP_CT17052024_HP_31_01_2_120mins_DDA01:42159,976.01388,0.008708892577821724,-519.9999089462483,train
INQIGTLTETFAAIEMAK,651.346630856395,3,102.72,MP_CT17052024_HP_31_01_2_120mins_DDA01,42181,MP_CT17052024_HP_31_01_2_120mins_DDA01:42181,651.01168,0.006656306744111805,-514.2369779685716,train
QMNALSVLGLLSR,701.397839352489,2,102.99,MP_CT17052024_HP_31_01_2_120mins_DDA01,42297,MP_CT17052024_HP_31_01_2_120mins_DDA01:42297,701.39776,0.026375904199953885,-0.08675887703972197,train
SVAEAIVYGALDIIATK,867.988049313426,2,111.22,MP_CT17052024_HP_31_01_2_120mins_DDA01,45551,MP_CT17052024_HP_31_01_2_120mins_DDA01:45551,867.48783,0.012680293131291155,-576.2847931163071,train
SLATHPASTTHR,426.889813229442,3,3.0146,MP_CT18052024_UT_23_24_01_1_120mins_DDA01,715,MP_CT18052024_UT_23_24_01_1_120mins_DDA01:715,426.88983,-0.0039042080700356736,0.03538124088808028,train
FLESSAR,405.211193844676,2,9.8262,MP_CT18052024_UT_23_24_01_1_120mins_DDA01,3300,MP_CT18052024_UT_23_24_01_1_120mins_DDA01:3300,405.21124,0.029614183381741613,0.14351855232671318,train
QSVDQPVQTGYK,675.338391110301,2,22.769,MP_CT18052024_UT_23_24_01_1_120mins_DDA01,8382,MP_CT18052024_UT_23_24_01_1_120mins_DDA01:8382,675.33842,0.025912934327573134,0.06869104401754439,train
NNPVLIGEPGVGK,647.293713375926,2,45.535,MP_CT18052024_UT_23_24_01_1_120mins_DDA01,17872,MP_CT18052024_UT_23_24_01_1_120mins_DDA01:17872,647.3617,0.02934989831143308,105.06146231424046,train
LIDQSAAEIVDTAK,737.390576168895,2,61.911,MP_CT18052024_UT_23_24_01_1_120mins_DDA01,24805,MP_CT18052024_UT_23_24_01_1_120mins_DDA01:24805,737.3934,0.01220515396161287,3.841696919619544,train
GETQALVISTLGTER,788.426281735301,2,63.293,MP_CT18052024_UT_23_24_01_1_120mins_DDA01,25396,MP_CT18052024_UT_23_24_01_1_120mins_DDA01:25396,787.92285,0.008249538695866601,-638.5190942556037,train
GITITSAATTAQWK,724.890454098582,2,63.653,MP_CT18052024_UT_23_24_01_1_120mins_DDA01,25550,MP_CT18052024_UT_23_24_01_1_120mins_DDA01:25550,724.89082,0.00551807250585379,0.5102859555318615,train
LDILLM[UNIMOD:35]GQASANPDELK,922.478100582957,2,63.69,MP_CT18052024_UT_23_24_01_1_120mins_DDA01,25566,MP_CT18052024_UT_23_24_01_1_120mins_DDA01:25566,922.47713,0.02330681099513868,-1.0288406373398826,train
GSPEYWVAVVKPGR,515.946179196239,3,63.93,MP_CT18052024_UT_23_24_01_1_120mins_DDA01,25669,MP_CT18052024_UT_23_24_01_1_120mins_DDA01:25669,515.61218,0.02391978679766932,-647.3288811361831,train
AYSVEEAVALAK,625.836682125926,2,68.98,MP_CT18052024_UT_23_24_01_1_120mins_DDA01,27822,MP_CT18052024_UT_23_24_01_1_120mins_DDA01:27822,625.83499,0.020772248737426766,-2.6830097594872124,train
ELLDKYEFPGDDTPIIR,674.679943844676,3,87.612,MP_CT18052024_UT_23_24_01_1_120mins_DDA01,35757,MP_CT18052024_UT_23_24_01_1_120mins_DDA01:35757,674.34572,0.008897513259002305,-495.3724321067823,train
ELLSKYDFPGDDTPIIR,990.500500485301,2,96.956,MP_CT18052024_UT_23_24_01_1_120mins_DDA01,39722,MP_CT18052024_UT_23_24_01_1_120mins_DDA01:39722,990.00966,0.008585774730416412,-495.5393612224899,train
SNQNTNIHQR,606.297314450145,2,2.5973,MP_CT18052024_UT_23_24_01_2_120mins_DDA01,508,MP_CT18052024_UT_23_24_01_2_120mins_DDA01:508,606.29742,0.028039044056572045,0.2021283158330029,train
KPATPGM[UNIMOD:35]ENR,558.777172848582,2,2.6977,MP_CT18052024_UT_23_24_01_2_120mins_DDA01,563,MP_CT18052024_UT_23_24_01_2_120mins_DDA01:563,558.77695,0.019685851344132338,-0.3791289127506289,train
TQDATHGNSLSHR,712.337231442332,2,2.8625,MP_CT18052024_UT_23_24_01_2_120mins_DDA01,649,MP_CT18052024_UT_23_24_01_2_120mins_DDA01:649,712.33728,0.009124891007294321,0.07729157698642238,train
SLATHPASTTHR,639.83027343452,2,3.0875,MP_CT18052024_UT_23_24_01_2_120mins_DDA01,741,MP_CT18052024_UT_23_24_01_2_120mins_DDA01:741,639.8311,0.007033106151735999,1.2988842737644806,train
VLSDAGYC[UNIMOD:4]QAK,606.288952633739,2,19.879,MP_CT18052024_UT_23_24_01_2_120mins_DDA01,6861,MP_CT18052024_UT_23_24_01_2_120mins_DDA01:6861,606.28989,0.026390016477064394,1.572461871665292,train
NGIDATM[UNIMOD:35]PKR,559.784924313426,2,40.08,MP_CT18052024_UT_23_24_01_2_120mins_DDA01,15076,MP_CT18052024_UT_23_24_01_2_120mins_DDA01:15076,559.78477,0.028582414249993904,-0.24708315612464352,train
FIIADTPGHEQYTR,550.277355954051,3,49.511,MP_CT18052024_UT_23_24_01_2_120mins_DDA01,19029,MP_CT18052024_UT_23_24_01_2_120mins_DDA01:19029,549.94237,0.004848993129263378,-608.7535381198443,train
YIFGVC[UNIMOD:4]R,457.731579586864,2,49.589,MP_CT18052024_UT_23_24_01_2_120mins_DDA01,19062,MP_CT18052024_UT_23_24_01_2_120mins_DDA01:19062,457.73128,0.0404167264978963,-0.6140866755279207,train
NQGTVVSVTDGIVR,722.892651364207,2,57.042,MP_CT18052024_UT_23_24_01_2_120mins_DDA01,22213,MP_CT18052024_UT_23_24_01_2_120mins_DDA01:22213,722.89135,0.018675005618422735,-1.781542812198595,train
RYPAFGNLVPR,430.575604245067,3,63.925,MP_CT18052024_UT_23_24_01_2_120mins_DDA01,25141,MP_CT18052024_UT_23_24_01_2_120mins_DDA01:25141,430.57529,0.02632137414276471,-0.7035041713865436,train
EALLESLQEGQQVK,786.860485836864,2,66.58,MP_CT18052024_UT_23_24_01_2_120mins_DDA01,26274,MP_CT18052024_UT_23_24_01_2_120mins_DDA01:26274,786.4174,0.025431787322090903,-563.0805521929904,train
GLSSAASAANAAIDHMR,821.899853512645,2,68.974,MP_CT18052024_UT_23_24_01_2_120mins_DDA01,27296,MP_CT18052024_UT_23_24_01_2_120mins_DDA01:27296,821.90193,0.018250352523358403,2.544698537201809,train
EGDATLAPSLDLVGK,743.395031735301,2,69.915,MP_CT18052024_UT_23_24_01_2_120mins_DDA01,27697,MP_CT18052024_UT_23_24_01_2_120mins_DDA01:27697,743.3934,0.012106644984038309,-2.1828707910653686,train
FLYSDHEIFLR,480.582531735301,3,75.979,MP_CT18052024_UT_23_24_01_2_120mins_DDA01,30278,MP_CT18052024_UT_23_24_01_2_120mins_DDA01:30278,480.58211,0.023582511851553144,-0.8539677175344336,train
SNETIPLNLFK,638.351147457957,2,82.777,MP_CT18052024_UT_23_24_01_2_120mins_DDA01,33166,MP_CT18052024_UT_23_24_01_2_120mins_DDA01:33166,638.3508,0.023498051660333905,-0.5208073303215511,train
INELGFIETPYR,726.883374020457,2,83.945,MP_CT18052024_UT_23_24_01_2_120mins_DDA01,33663,MP_CT18052024_UT_23_24_01_2_120mins_DDA01:33663,726.38009,0.01996200107015774,-692.3662563270392,train
LNVVILDFDDEK,709.892346188426,2,91.332,MP_CT18052024_UT_23_24_01_2_120mins_DDA01,36801,MP_CT18052024_UT_23_24_01_2_120mins_DDA01:36801,710.37193,0.026746552423202376,675.5993555208267,train
SLDNELDVVEGMQFDR,934.427807614207,2,98.295,MP_CT18052024_UT_23_24_01_2_120mins_DDA01,39754,MP_CT18052024_UT_23_24_01_2_120mins_DDA01:39754,933.93055,0.01606115152332845,-532.1359340498346,train
QNAAIGTIFTDSIFTPVK,962.517895504832,2,102.56,MP_CT18052024_UT_23_24_01_2_120mins_DDA01,41561,MP_CT18052024_UT_23_24_01_2_120mins_DDA01:41561,962.01474,0.005717168398408251,-522.74353254275,train
LTLDVGASYIIQNDK,825.942700192332,2,104.0,MP_CT18052024_UT_23_24_01_2_120mins_DDA01,42176,MP_CT18052024_UT_23_24_01_2_120mins_DDA01:42176,825.44088,0.012720474804502812,-607.5599338976876,train
VMFDELMETLNLPK,840.420727536082,2,106.34,MP_CT18052024_UT_23_24_01_2_120mins_DDA01,43169,MP_CT18052024_UT_23_24_01_2_120mins_DDA01:43169,840.42278,0.02082285300817306,2.4630091216690437,train
QSGGHGQYGHVK,418.870007321239,3,2.6121,MP_CT18052024_UT_27_02_2_120mins_DDA01,508,MP_CT18052024_UT_27_02_2_120mins_DDA01:508,418.87065,0.03819794969269702,1.5725135472655136,train
LNNC[UNIMOD:4]PTSPR,529.755932614207,2,7.5013,MP_CT18052024_UT_27_02_2_120mins_DDA01,2182,MP_CT18052024_UT_27_02_2_120mins_DDA01:2182,529.75602,0.015101291521876012,0.1800561111555554,train
GPNHGPAPIPEEGK,700.85273437202,2,16.045,MP_CT18052024_UT_27_02_2_120mins_DDA01,5378,MP_CT18052024_UT_27_02_2_120mins_DDA01:5378,700.35187,0.01856209805060561,-714.6314018004451,train
GVAMNPVDHPHGGGEGR,562.92939452827,3,16.852,MP_CT18052024_UT_27_02_2_120mins_DDA01,5686,MP_CT18052024_UT_27_02_2_120mins_DDA01:5686,562.93035,0.03019911760556575,1.727519897302552,train
NQADGLVHSVR,598.31220702827,2,22.969,MP_CT18052024_UT_27_02_2_120mins_DDA01,8102,MP_CT18052024_UT_27_02_2_120mins_DDA01:8102,598.31254,0.03426302916045499,0.5907814112272427,train
SAGASATLLAR,509.28779296577,2,26.49,MP_CT18052024_UT_27_02_2_120mins_DDA01,9561,MP_CT18052024_UT_27_02_2_120mins_DDA01:9561,509.28801,0.01668996691161644,0.44284240294185284,train
TIAITPDYSEVAK,704.373791500926,2,58.583,MP_CT18052024_UT_27_02_2_120mins_DDA01,23111,MP_CT18052024_UT_27_02_2_120mins_DDA01:23111,704.37193,0.01561674964235799,-2.6271575521973607,train
DIPNLSEQQLNR,713.869763180614,2,59.063,MP_CT18052024_UT_27_02_2_120mins_DDA01,23314,MP_CT18052024_UT_27_02_2_120mins_DDA01:23314,713.86788,0.0231135206912306,-2.6148755840654494,train
AALIDC[UNIMOD:4]LAPDR,607.811657711864,2,62.107,MP_CT18052024_UT_27_02_2_120mins_DDA01,24614,MP_CT18052024_UT_27_02_2_120mins_DDA01:24614,607.81353,0.029614345814646816,3.1099899321215885,train
FGIESGSVEELK,647.828503414989,2,64.411,MP_CT18052024_UT_27_02_2_120mins_DDA01,25597,MP_CT18052024_UT_27_02_2_120mins_DDA01:25597,647.8299,0.0262414563927444,2.1820358375696216,train
AAGIENFIHVR,409.559887692332,3,64.542,MP_CT18052024_UT_27_02_2_120mins_DDA01,25653,MP_CT18052024_UT_27_02_2_120mins_DDA01:25653,409.55953,0.023602592380796705,-0.8497552514408543,train
IVLNM[UNIMOD:35]GVGEAVSNAK,759.859387204051,2,65.919,MP_CT18052024_UT_27_02_2_120mins_DDA01,26243,MP_CT18052024_UT_27_02_2_120mins_DDA01:26243,759.40324,0.023702822471402738,-600.2810674343427,train
IGYDNTDYGIDYK,769.344128414989,2,66.823,MP_CT18052024_UT_27_02_2_120mins_DDA01,26629,MP_CT18052024_UT_27_02_2_120mins_DDA01:26629,768.84628,0.015607801597318763,-647.0919795208479,train
QLTQDPWTDITSK,766.881909176707,2,74.417,MP_CT18052024_UT_27_02_2_120mins_DDA01,29874,MP_CT18052024_UT_27_02_2_120mins_DDA01:29874,766.8832,1.4824531000498645e-10,1.68320999310972,train
TLKEDILEGFK,431.575115963817,3,74.471,MP_CT18052024_UT_27_02_2_120mins_DDA01,29897,MP_CT18052024_UT_27_02_2_120mins_DDA01:29897,431.57473,0.025488054145140767,-0.8688263132880655,train
ADIDYAWEEADTTYGK,924.398937985301,2,82.964,MP_CT18052024_UT_27_02_2_120mins_DDA01,33518,MP_CT18052024_UT_27_02_2_120mins_DDA01:33518,924.40215,0.005949791487349152,3.4806559882507795,train
NNGGIEGVTYPILADTNR,952.473278805614,2,83.015,MP_CT18052024_UT_27_02_2_120mins_DDA01,33540,MP_CT18052024_UT_27_02_2_120mins_DDA01:33540,952.47905,0.013123648138609573,6.0722904407575955,train
TLENLYGIPIDYYAR,900.957104489207,2,83.11,MP_CT18052024_UT_27_02_2_120mins_DDA01,33581,MP_CT18052024_UT_27_02_2_120mins_DDA01:33581,900.96198,0.011654210030061762,5.423133652864985,train
EAQNQELLDFVAR,766.886242672801,2,83.906,MP_CT18052024_UT_27_02_2_120mins_DDA01,33920,MP_CT18052024_UT_27_02_2_120mins_DDA01:33920,766.88881,0.025427415118102308,3.3731563499205848,train
IELDWYSLADK,676.839428707957,2,97.246,MP_CT18052024_UT_27_02_2_120mins_DDA01,39602,MP_CT18052024_UT_27_02_2_120mins_DDA01:39602,676.84027,0.022161802039077073,1.2651332158682056,train
WLGGTLTNWDTIQK,816.919995114207,2,97.473,MP_CT18052024_UT_27_02_2_120mins_DDA01,39699,MP_CT18052024_UT_27_02_2_120mins_DDA01:39699,816.92265,0.011629008000767544,3.2615015043131286,train
TAAEQVDYLEELVNK,861.933972164989,2,98.484,MP_CT18052024_UT_27_02_2_120mins_DDA01,40130,MP_CT18052024_UT_27_02_2_120mins_DDA01:40130,861.43325,0.014510700523339578,-580.9141780678913,train
LEDAPWPATKDELIDYAMR,745.69892577827,3,98.514,MP_CT18052024_UT_27_02_2_120mins_DDA01,40143,MP_CT18052024_UT_27_02_2_120mins_DDA01:40143,745.36478,0.016099499742112514,-448.08134586111595,train
VNQIGSLSETLDAIEMAHR,695.689770504832,3,98.761,MP_CT18052024_UT_27_02_2_120mins_DDA01,40248,MP_CT18052024_UT_27_02_2_120mins_DDA01:40248,695.35288,0.008628712352282852,-484.2453046097912,train
ILGFAALTVVGDGDGR,780.926037594676,2,100.06,MP_CT18052024_UT_27_02_2_120mins_DDA01,40802,MP_CT18052024_UT_27_02_2_120mins_DDA01:40802,780.92265,0.02368992628160473,-4.314230175252907,train
GIYEAPGMALLHIAYER,635.665783688426,3,100.6,MP_CT18052024_UT_27_02_2_120mins_DDA01,41034,MP_CT18052024_UT_27_02_2_120mins_DDA01:41034,635.32934,0.026233113582121385,-529.2514248716877,train
EGLNVLQYFISTHGAR,602.65156249702,3,101.25,MP_CT18052024_UT_27_02_2_120mins_DDA01,41309,MP_CT18052024_UT_27_02_2_120mins_DDA01:41309,602.3162,0.021029928712482323,-556.4572486359799,train
ATAIIFSAM[UNIMOD:35]M[UNIMOD:35]VGLK,743.400280758739,2,103.14,MP_CT18052024_UT_27_02_2_120mins_DDA01,42107,MP_CT18052024_UT_27_02_2_120mins_DDA01:42107,742.89621,0.0127877890679483,-678.0482490865912,train
FEFRPLEPGFGITVGNALR,707.384777829051,3,103.26,MP_CT18052024_UT_27_02_2_120mins_DDA01,42160,MP_CT18052024_UT_27_02_2_120mins_DDA01:42160,707.3811,0.00706832583039475,-5.192123390387095,train
VNQIGTLTETFDAIEMAK,991.003369137645,2,103.61,MP_CT18052024_UT_27_02_2_120mins_DDA01,42307,MP_CT18052024_UT_27_02_2_120mins_DDA01:42307,991.00097,0.008072646077721578,-2.4128451217378597,train
ELAAFAQFASDLDEATR,927.947766110301,2,106.47,MP_CT18052024_UT_27_02_2_120mins_DDA01,43516,MP_CT18052024_UT_27_02_2_120mins_DDA01:43516,927.94706,0.00916000535136453,-0.7517775531069348,train
SKNEVIADIVALLQSPAK,633.033276364207,3,108.42,MP_CT18052024_UT_27_02_2_120mins_DDA01,44343,MP_CT18052024_UT_27_02_2_120mins_DDA01:44343,632.6982,0.021600609314459323,-529.2971318423897,train
LDVVEMMDGLMQGADR,890.405895993114,2,110.69,MP_CT18052024_UT_27_02_2_120mins_DDA01,45304,MP_CT18052024_UT_27_02_2_120mins_DDA01:45304,890.40734,0.020215466726222597,1.6419555312219665,train
LVPPPLEFAVLDAVMEK,934.514294430614,2,111.73,MP_CT18052024_UT_27_02_2_120mins_DDA01,45713,MP_CT18052024_UT_27_02_2_120mins_DDA01:45713,934.51553,0.019796353742923253,1.3419477834891669,train
QVYAQIDASSLDVSAVSRLK,1075.576000973582,2,112.37,MP_CT18052024_UT_27_02_2_120mins_DDA01,45982,MP_CT18052024_UT_27_02_2_120mins_DDA01:45982,1075.5762,0.039513704645567416,0.22455541775124663,train
MVPPPLAFEVLDAVMEK,629.332958981395,3,114.63,MP_CT18052024_UT_27_02_2_120mins_DDA01,46945,MP_CT18052024_UT_27_02_2_120mins_DDA01:46945,629.33159,0.012711899768910026,-2.162577655393825,train
SAGASAQLVAR,515.785656735301,2,14.785,MP_CT18052024_UT_29_30_11_2_120mins_DDA01,4377,MP_CT18052024_UT_29_30_11_2_120mins_DDA01:4377,515.78563,0.03392882451251502,-0.017905307760365707,train
VWHETSPAVGK,404.212048336864,3,18.484,MP_CT18052024_UT_29_30_11_2_120mins_DDA01,5652,MP_CT18052024_UT_29_30_11_2_120mins_DDA01:5652,404.21202,0.014019045382073766,-0.0560849124067216,train
GSVVLPAGTGK,493.740887448192,2,21.093,MP_CT18052024_UT_29_30_11_2_120mins_DDA01,6604,MP_CT18052024_UT_29_30_11_2_120mins_DDA01:6604,493.28747,0.03547627120855834,-918.2953239607983,train
GELAATIVNHK,576.821362301707,2,27.829,MP_CT18052024_UT_29_30_11_2_120mins_DDA01,9201,MP_CT18052024_UT_29_30_11_2_120mins_DDA01:9201,576.82221,0.026871364779295998,1.4964742109651428,train
DASAAAIYGSR,541.280895993114,2,28.094,MP_CT18052024_UT_29_30_11_2_120mins_DDA01,9304,MP_CT18052024_UT_29_30_11_2_120mins_DDA01:9304,541.26727,0.032331531911508636,-25.141277319493252,train
DASATALYGAR,548.288159176707,2,28.582,MP_CT18052024_UT_29_30_11_2_120mins_DDA01,9494,MP_CT18052024_UT_29_30_11_2_120mins_DDA01:9494,548.27509,0.03374218610555925,-23.80258717703417,train
HSDFLGQQLSTTK,487.915692135692,3,42.644,MP_CT18052024_UT_29_30_11_2_120mins_DDA01,15119,MP_CT18052024_UT_29_30_11_2_120mins_DDA01:15119,487.91593,0.009564489224372048,0.49707557798045376,train
VYDISGSATAVGR,648.334484860301,2,42.877,MP_CT18052024_UT_29_30_11_2_120mins_DDA01,15214,MP_CT18052024_UT_29_30_11_2_120mins_DDA01:15214,648.33314,0.02236504543624174,-2.0519659712577476,train
SEFGPLPDQSMHEK,801.366345211864,2,46.287,MP_CT18052024_UT_29_30_11_2_120mins_DDA01,16621,MP_CT18052024_UT_29_30_11_2_120mins_DDA01:16621,801.36685,0.028077028641796675,0.6579863743686147,train
AYFHVSPSVGVR,440.235089108348,3,49.41,MP_CT18052024_UT_29_30_11_2_120mins_DDA01,17898,MP_CT18052024_UT_29_30_11_2_120mins_DDA01:17898,440.23493,0.0333155450196487,-0.3281012461989755,train
VLTYYNYSGTPVNK,810.412182614207,2,56.486,MP_CT18052024_UT_29_30_11_2_120mins_DDA01,20851,MP_CT18052024_UT_29_30_11_2_120mins_DDA01:20851,809.90921,0.014816475643473359,-620.6232149478423,train
LSELAGNLVAGGQNFK,809.434460446239,2,71.043,MP_CT18052024_UT_29_30_11_2_120mins_DDA01,26976,MP_CT18052024_UT_29_30_11_2_120mins_DDA01:26976,809.43339,0.01729604948055503,-1.305165878895481,train
DVEAGTIDGVYVNSEYAR,979.956433102489,2,72.98,MP_CT18052024_UT_29_30_11_2_120mins_DDA01,27794,MP_CT18052024_UT_29_30_11_2_120mins_DDA01:27794,979.46053,0.010209702071533298,-506.0358662260636,train
EQVEEEANVLNIVSR,864.94208984077,2,77.442,MP_CT18052024_UT_29_30_11_2_120mins_DDA01,29678,MP_CT18052024_UT_29_30_11_2_120mins_DDA01:29678,864.94177,0.02254487028370783,-0.3472380099149517,train
IANYTYIWNDGTEVK,894.938549801707,2,79.346,MP_CT18052024_UT_29_30_11_2_120mins_DDA01,30483,MP_CT18052024_UT_29_30_11_2_120mins_DDA01:30483,893.93596,0.008949187023966214,-1120.2800481989157,train
ANLLNADELTYNIK,796.421337887645,2,81.521,MP_CT18052024_UT_29_30_11_2_120mins_DDA01,31394,MP_CT18052024_UT_29_30_11_2_120mins_DDA01:31394,796.41994,0.021973332325983908,-1.7332378972251261,train
ELAVPFNPVLFSC[UNIMOD:4]K,810.924572750926,2,99.329,MP_CT18052024_UT_29_30_11_2_120mins_DDA01,38779,MP_CT18052024_UT_29_30_11_2_120mins_DDA01:38779,810.92635,0.023429994819385618,2.215063070570023,train
VADQISDAILDAILAQDK,633.674572750926,3,107.2,MP_CT18052024_UT_29_30_11_2_120mins_DDA01,42080,MP_CT18052024_UT_29_30_11_2_120mins_DDA01:42080,633.67383,0.024723550191111686,-1.147409554667611,train
AGQYAYR,414.70380859077,2,7.3931,MP_CT18052024_UT_5_12_1_120mins_DDA01,2156,MP_CT18052024_UT_5_12_1_120mins_DDA01:2156,414.70358,0.03737609407111865,-0.5138384687457731,train
VAQIYAC[UNIMOD:4]AGANR,647.321118161082,2,30.323,MP_CT18052024_UT_5_12_1_120mins_DDA01,11345,MP_CT18052024_UT_5_12_1_120mins_DDA01:11345,647.32205,0.033986174359643975,1.473517379932868,train
SIGATTLDEYQK,663.834790036082,2,42.769,MP_CT18052024_UT_5_12_1_120mins_DDA01,16580,MP_CT18052024_UT_5_12_1_120mins_DDA01:16580,663.33281,0.009045233415392637,-756.1731376788232,train
TGC[UNIMOD:4]DSLAISIGTSHGAYK,919.439282223582,2,52.696,MP_CT18052024_UT_5_12_1_120mins_DDA01,20773,MP_CT18052024_UT_5_12_1_120mins_DDA01:20773,919.44108,0.013051407241563442,1.968347940941623,train
AAFGSIVEQVK,574.820202633739,2,57.048,MP_CT18052024_UT_5_12_1_120mins_DDA01,22627,MP_CT18052024_UT_5_12_1_120mins_DDA01:22627,574.81914,0.02783484223105501,-1.820801937990565,train
VINQLTGGLAGMAK,686.807873532176,2,64.769,MP_CT18052024_UT_5_12_1_120mins_DDA01,25921,MP_CT18052024_UT_5_12_1_120mins_DDA01:25921,686.88449,0.015286413213406964,111.56972827068846,train
ANSGLSEEEIQQMVK,831.90205077827,2,69.612,MP_CT18052024_UT_5_12_1_120mins_DDA01,27989,MP_CT18052024_UT_5_12_1_120mins_DDA01:27989,831.9038,0.02283917945729216,2.1255167343037664,train
MSYATSDENIVEAIR,850.405407711864,2,72.837,MP_CT18052024_UT_5_12_1_120mins_DDA01,29362,MP_CT18052024_UT_5_12_1_120mins_DDA01:29362,849.9038,0.01706075429542449,-589.8283422416455,train
TSDNAGDGTTTATVLAQSIVR,1040.01679687202,2,75.327,MP_CT18052024_UT_5_12_1_120mins_DDA01,30419,MP_CT18052024_UT_5_12_1_120mins_DDA01:30419,1039.5216,0.041365181834723076,-476.1018028835611,train
IALLFYADGEK,620.334545895457,2,78.798,MP_CT18052024_UT_5_12_1_120mins_DDA01,31893,MP_CT18052024_UT_5_12_1_120mins_DDA01:31893,620.33462,0.030628631011119914,0.15008763211345053,train
IGAWGIGAMAPPFPK,756.905224606395,2,97.488,MP_CT18052024_UT_5_12_1_120mins_DDA01,39814,MP_CT18052024_UT_5_12_1_120mins_DDA01:39814,756.90522,0.027083972440793486,0.0209981442757322,train
AGQDFFPLTVDYIEK,871.934948727489,2,100.9,MP_CT18052024_UT_5_12_1_120mins_DDA01,41267,MP_CT18052024_UT_5_12_1_120mins_DDA01:41267,871.93543,0.013189050312111284,0.5651482510231804,train
